filename,geom_smiles,status,n_atoms,consistent,checked_confs,perm_json
18637,./CNCCc1c[nH]c2ccccc12,permuted,27,True,47,./mappings/CNCCc1c[nH]c2ccccc12.json
19111,./COC(=O)c1cc(O)cc(OC)c1Oc1cc(C)cc(O)c1C(=O)O,permuted,41,True,24,./mappings/COC(=O)c1cc(O)cc(OC)c1Oc1cc(C)cc(O)c1C(=O)O.json
27457,./COC(=O)c1cc(O)cc(OC)c1Oc1cc(C)cc(O)c1C(=O)O,permuted,41,True,24,./mappings/COC(=O)c1cc(O)cc(OC)c1Oc1cc(C)cc(O)c1C(=O)O.json
20412,./COc1ccc(-c2coc3cc(O)cc(O)c3c2=O)cc1,permuted,33,True,2,./mappings/COc1ccc(-c2coc3cc(O)cc(O)c3c2=O)cc1.json
20452,./COc1c(C(CC(C)C)OC(C)=O)ccc2c1C(=O)OCc1cc(C)cc(O)c1O2,permuted,56,True,127,./mappings/COc1c(C(CC(C)C)OC(C)=O)ccc2c1C(=O)OCc1cc(C)cc(O)c1O2.json
20453,./[C@H]3[C@@H]1O,pickle_missing,,False,0,
4284,./C=C1CCC2C(C)(CO)C(O)CCC2(C)C1CC=C1C(=O)OCC1O,permuted,55,True,95,./mappings/C=C1CCC2C(C)(CO)C(O)CCC2(C)C1CC=C1C(=O)OCC1O.json
4300,./CC#CCc1cc2ccccc2c(=O)o1,permuted,25,True,1,./mappings/CC#CCc1cc2ccccc2c(=O)o1.json
2208,./O=c1c(-c2ccc(O)cc2)coc2cc(O)ccc12,permuted,29,True,2,./mappings/O=c1c(-c2ccc(O)cc2)coc2cc(O)ccc12.json
11342,./O=c1c(-c2ccc(O)cc2)coc2cc(O)ccc12,permuted,29,True,2,./mappings/O=c1c(-c2ccc(O)cc2)coc2cc(O)ccc12.json
8537,./C(=O)O)CO2,pickle_missing,,False,0,
2432,./C(=O)O)CO2,pickle_missing,,False,0,
8810,./OC[C@H]1O[C@@H](OCCc2ccc(O)cc2)[C@H](O)[C@@H](O)[C@@H]1O,permuted,41,True,307,./mappings/OC[C@H]1O[C@@H](OCCc2ccc(O)cc2)[C@H](O)[C@@H](O)[C@@H]1O.json
8863,./C=C1[C@H]2CC[C@@H]3[C@H]2C(C)(C)CCC[C@]13C,permuted,39,True,3,./mappings/C=C1[C@H]2CC[C@@H]3[C@H]2C(C)(C)CCC[C@]13C.json
9001,./CC(=O)[C@H]1CC[C@H]2[C@@H]3CCC4=CC(=O)CC[C@]4(C)[C@H]3CC[C@]12C,permuted,53,True,13,./mappings/CC(=O)[C@H]1CC[C@H]2[C@@H]3CCC4=CC(=O)CC[C@]4(C)[C@H]3CC[C@]12C.json
9003,./C[C@@H]1C[C@H]2[C@@H]3CCC4=CC(=O)C=C[C@]4(C)[C@@]3(F)[C@@H](O)C[C@]2(C)[C@@]1(O)C(=O)CO,permuted,57,True,20,./mappings/C[C@@H]1C[C@H]2[C@@H]3CCC4=CC(=O)C=C[C@]4(C)[C@@]3(F)[C@@H](O)C[C@]2(C)[C@@]1(O)C(=O)CO.json
9005,./CC(=O)[C@H]1CC[C@H]2[C@@H]3CCC4=CC(=O)CC[C@]4(C)[C@H]3[C@H](O)C[C@]12C,permuted,54,True,18,./mappings/CC(=O)[C@H]1CC[C@H]2[C@@H]3CCC4=CC(=O)CC[C@]4(C)[C@H]3[C@H](O)C[C@]12C.json
9006,./C[C@]12C[C@H](O)[C@H]3[C@@H](CCC4=CC(=O)CC[C@@]43C)[C@@H]1CC[C@@H]2C(=O)CO,permuted,55,True,45,./mappings/C[C@]12C[C@H](O)[C@H]3[C@@H](CCC4=CC(=O)CC[C@@]43C)[C@@H]1CC[C@@H]2C(=O)CO.json
9007,./CC(=O)OCC(=O)[C@@]1(O)CC[C@H]2[C@@H]3CCC4=CC(=O)C=C[C@]4(C)[C@H]3[C@@H](O)C[C@@]21C,permuted,59,True,36,./mappings/CC(=O)OCC(=O)[C@@]1(O)CC[C@H]2[C@@H]3CCC4=CC(=O)C=C[C@]4(C)[C@H]3[C@@H](O)C[C@@]21C.json
9008,./C[C@]12C[C@H](O)[C@H]3[C@@H](CCC4=CC(=O)C=C[C@@]43C)[C@@H]1CC[C@]2(O)C(=O)COC(=O)CCC(=O)O,permuted,65,True,208,./mappings/C[C@]12C[C@H](O)[C@H]3[C@@H](CCC4=CC(=O)C=C[C@@]43C)[C@@H]1CC[C@]2(O)C(=O)COC(=O)CCC(=O)O.json
9011,./CCCCC(=O)O[C@]1(C(=O)CO)[C@@H](C)C[C@H]2[C@@H]3CCC4=CC(=O)C=C[C@]4(C)[C@@]3(F)[C@@H](O)C[C@@]21C,permuted,71,True,395,./mappings/CCCCC(=O)O[C@]1(C(=O)CO)[C@@H](C)C[C@H]2[C@@H]3CCC4=CC(=O)C=C[C@]4(C)[C@@]3(F)[C@@H](O)C[C@@]21C.json
9013,./CCC(=O)OCC(=O)[C@@]1(OC(=O)CC)[C@H](C)C[C@H]2[C@H]3[C@H]([C@@H](O)C[C@@]21C)[C@@]1(C)C=CC(=O)C=C1C[C@H]3Cl,permuted,73,True,239,./mappings/CCC(=O)OCC(=O)[C@@]1(OC(=O)CC)[C@H](C)C[C@H]2[C@H]3[C@H]([C@@H](O)C[C@@]21C)[C@@]1(C)C=CC(=O)C=C1C[C@H]3Cl.json
9014,./CC1(C)O[C@@H]2C[C@H]3[C@@H]4CCC5=CC(=O)C=C[C@]5(C)[C@@]4(F)[C@@H](O)C[C@]3(C)[C@]2(C(=O)CO)O1,permuted,62,True,7,./mappings/CC1(C)O[C@@H]2C[C@H]3[C@@H]4CCC5=CC(=O)C=C[C@]5(C)[C@@]4(F)[C@@H](O)C[C@]3(C)[C@]2(C(=O)CO)O1.json
9015,./C[C@]12CC[C@H]3[C@@H](CCC4=CC(=O)CC[C@@]43C)[C@@H]1CC[C@@H]2C(=O)CO,permuted,54,True,19,./mappings/C[C@]12CC[C@H]3[C@@H](CCC4=CC(=O)CC[C@@]43C)[C@@H]1CC[C@@H]2C(=O)CO.json
9018,./CC12CCC(=O)C=C1CCC1C2CCC2(C)C(O)CCC12,permuted,49,True,8,./mappings/CC12CCC(=O)C=C1CCC1C2CCC2(C)C(O)CCC12.json
1080,./CC12CCC(=O)C=C1CCC1C2CCC2(C)C(O)CCC12,permuted,49,True,8,./mappings/CC12CCC(=O)C=C1CCC1C2CCC2(C)C(O)CCC12.json
9019,./C[C@]1(O)CC[C@H]2[C@@H]3CCC4=CC(=O)CC[C@]4(C)[C@H]3CC[C@@]21C,permuted,52,True,7,./mappings/C[C@]1(O)CC[C@H]2[C@@H]3CCC4=CC(=O)CC[C@]4(C)[C@H]3CC[C@@]21C.json
1081,./C[C@]1(O)CC[C@H]2[C@@H]3CCC4=CC(=O)CC[C@]4(C)[C@H]3CC[C@@]21C,permuted,52,True,7,./mappings/C[C@]1(O)CC[C@H]2[C@@H]3CCC4=CC(=O)CC[C@]4(C)[C@H]3CC[C@@]21C.json
9020,./C[C@]12CC[C@H]3[C@@H](CC[C@H]4C[C@H](O)CC[C@@]43C)[C@@H]1CCC2=O,permuted,51,True,2,./mappings/C[C@]12CC[C@H]3[C@@H](CC[C@H]4C[C@H](O)CC[C@@]43C)[C@@H]1CCC2=O.json
9021,./CC1CCC2(OC1)OC1CC3C4CCC5CC(O)CCC5(C)C4CC(=O)C3(C)C1C2C,permuted,73,True,18,./mappings/CC1CCC2(OC1)OC1CC3C4CCC5CC(O)CCC5(C)C4CC(=O)C3(C)C1C2C.json
9022,./C[C@]12CC[C@@H]3c4ccc(O)cc4CC[C@H]3[C@@H]1CCC2=O,permuted,42,True,2,./mappings/C[C@]12CC[C@@H]3c4ccc(O)cc4CC[C@H]3[C@@H]1CCC2=O.json
9023,./CC(C)c1ccc2c(c1)CCC1C(C)(CN)CCCC21C,permuted,52,True,98,./mappings/CC(C)c1ccc2c(c1)CCC1C(C)(CN)CCCC21C.json
9025,./CC(=O)[C@H]1CC[C@H]2[C@@H]3CC=C4C[C@@H](O)CC[C@]4(C)[C@H]3CC[C@]12C,permuted,55,True,18,./mappings/CC(=O)[C@H]1CC[C@H]2[C@@H]3CC=C4C[C@@H](O)CC[C@]4(C)[C@H]3CC[C@]12C.json
7300,./CC(=O)[C@H]1CC[C@H]2[C@@H]3CC=C4C[C@@H](O)CC[C@]4(C)[C@H]3CC[C@]12C,permuted,55,True,18,./mappings/CC(=O)[C@H]1CC[C@H]2[C@@H]3CC=C4C[C@@H](O)CC[C@]4(C)[C@H]3CC[C@]12C.json
9026,./C[C@]12CC[C@@H]3c4ccc(OC(=O)c5ccccc5)cc4CC[C@H]3[C@@H]1CC[C@@H]2O,permuted,56,True,20,./mappings/C[C@]12CC[C@@H]3c4ccc(OC(=O)c5ccccc5)cc4CC[C@H]3[C@@H]1CC[C@@H]2O.json
9029,./CC(C)CCCC(C)C1CCC2C3CC=C4CC(O)CCC4(C)C3CCC12C,permuted,74,True,588,./mappings/CC(C)CCCC(C)C1CCC2C3CC=C4CC(O)CCC4(C)C3CCC12C.json
10255,./CC(C)CCCC(C)C1CCC2C3CC=C4CC(O)CCC4(C)C3CCC12C,permuted,74,True,588,./mappings/CC(C)CCCC(C)C1CCC2C3CC=C4CC(O)CCC4(C)C3CCC12C.json
9032,./CC(=O)OC1CCC2(C)C(=CCC3C2CCC2(C)C(C(C)CCCC(C)C)CCC32)C1,permuted,79,True,704,./mappings/CC(=O)OC1CCC2(C)C(=CCC3C2CCC2(C)C(C(C)CCCC(C)C)CCC32)C1.json
9068,./CN1[C@H]2CC[C@@H]1CC(OC(=O)[C@H](CO)c1ccccc1)C2,permuted,44,True,123,./mappings/CN1[C@H]2CC[C@@H]1CC(OC(=O)[C@H](CO)c1ccccc1)C2.json
8338,./CN1[C@H]2CC[C@@H]1CC(OC(=O)[C@H](CO)c1ccccc1)C2,permuted,44,True,123,./mappings/CN1[C@H]2CC[C@@H]1CC(OC(=O)[C@H](CO)c1ccccc1)C2.json
9074,./CN1C2CCC1CC(O)C2,permuted,25,True,5,./mappings/CN1C2CCC1CC(O)C2.json
9079,./COc1cc2c(cc1OC)C13CCN4CC5=CCOC6CC(=O)N2C1C6C5CC43,permuted,55,True,12,./mappings/COc1cc2c(cc1OC)C13CCN4CC5=CCOC6CC(=O)N2C1C6C5CC43.json
9085,./CC[C@]12CCCN3CCc4c(n(c5ccccc45)[C@@](O)(C(=O)OC)C1)[C@@H]32,permuted,52,True,16,./mappings/CC[C@]12CCCN3CCc4c(n(c5ccccc45)[C@@](O)(C(=O)OC)C1)[C@@H]32.json
9086,./CC[C@]12CCCN3CCc4c(n(c5ccccc45)C(=O)C1)[C@@H]32,permuted,44,True,8,./mappings/CC[C@]12CCCN3CCc4c(n(c5ccccc45)C(=O)C1)[C@@H]32.json
9087,./CC1=C2C3OC(=O)C(C)C3CCC2(C)C=CC1=O,permuted,36,True,2,./mappings/CC1=C2C3OC(=O)C(C)C3CCC2(C)C=CC1=O.json
9090,./C=C1CC[C@H]2O[C@]2(C)CC[C@@H]2[C@@H]1CC2(C)C,permuted,40,True,13,./mappings/C=C1CC[C@H]2O[C@]2(C)CC[C@@H]2[C@@H]1CC2(C)C.json
9098,./CC(=O)OC1CC2CCC1(C)C2(C)C,permuted,34,True,2,./mappings/CC(=O)OC1CC2CCC1(C)C2(C)C.json
9099,./CC1(C)C2CCC1(C)C(O)C2,permuted,29,True,2,./mappings/CC1(C)C2CCC1(C)C(O)C2.json
9100,./CC1(C)[C@H]2CC[C@]1(C)[C@H](O)C2,permuted,29,True,4,./mappings/CC1(C)[C@H]2CC[C@]1(C)[C@H](O)C2.json
9102,./CC12CCC(C(Br)C1=O)C2(C)C,permuted,27,True,2,./mappings/CC12CCC(C(Br)C1=O)C2(C)C.json
9104,./CC12CCC(C1)C(C)(C)C2=O,permuted,27,True,2,./mappings/CC12CCC(C1)C(C)(C)C2=O.json
9106,./C=C1C2CCC(C2)C1(C)C,permuted,26,True,1,./mappings/C=C1C2CCC(C2)C1(C)C.json
9111,./CC1(C)[C@@H]2CC[C@@]1(C)C(=O)C2,permuted,27,True,1,./mappings/CC1(C)[C@@H]2CC[C@@]1(C)C(=O)C2.json
9112,./CC1(C)C2CCC13CS(=O)(=O)NC3C2,permuted,31,True,2,./mappings/CC1(C)C2CCC13CS(=O)(=O)NC3C2.json
9120,./C=C1CC[C@H]2C[C@@H]1C2(C)C,permuted,26,True,1,./mappings/C=C1CC[C@H]2C[C@@H]1C2(C)C.json
9131,./CC12CCC(CC1)C(C)(C)O2,permuted,29,True,1,./mappings/CC12CCC(CC1)C(C)(C)O2.json
9143,./C=C(C)[C@H]1CC=C(C)CC1,permuted,26,True,149,./mappings/C=C(C)[C@H]1CC=C(C)CC1.json
9146,./CC(C)=C1CC[C@@H](C)CC1=O,permuted,27,True,25,./mappings/CC(C)=C1CC[C@@H](C)CC1=O.json
9147,./CC1CCC(C(C)C)C(O)C1,atom_count_mismatch,25/31,False,1,
9148,./CC1=CCC(O)(C(C)C)CC1,permuted,29,True,46,./mappings/CC1=CCC(O)(C(C)C)CC1.json
9151,./O=C(O)C1=CC(O)C(O)C(O)C1,permuted,22,True,92,./mappings/O=C(O)C1=CC(O)C(O)C(O)C1.json
9156,./COc1ccc([C@@H]2CC(=O)c3c(O)cc(O)cc3O2)cc1O,permuted,36,True,26,./mappings/COc1ccc([C@@H]2CC(=O)c3c(O)cc(O)cc3O2)cc1O.json
9157,./Oc1cc(O)c2c(c1)O[C@H](c1ccc(O)c(O)c1)[C@H](O)C2,permuted,35,True,16,./mappings/Oc1cc(O)c2c(c1)O[C@H](c1ccc(O)c(O)c1)[C@H](O)C2.json
11280,./Oc1cc(O)c2c(c1)O[C@H](c1ccc(O)c(O)c1)[C@H](O)C2,permuted,35,True,16,./mappings/Oc1cc(O)c2c(c1)O[C@H](c1ccc(O)c(O)c1)[C@H](O)C2.json
23965,./Oc1cc(O)c2c(c1)O[C@H](c1ccc(O)c(O)c1)[C@H](O)C2,permuted,35,True,16,./mappings/Oc1cc(O)c2c(c1)O[C@H](c1ccc(O)c(O)c1)[C@H](O)C2.json
9160,./Cc1c(C)c2c(c(C)c1O)CCC(C)(CCCC(C)CCCC(C)CCCC(C)C)O2,permuted,81,True,2209,./mappings/Cc1c(C)c2c(c(C)c1O)CCC(C)(CCCC(C)CCCC(C)CCCC(C)C)O2.json
9161,./CC(=O)Oc1c(C)c(C)c2c(c1C)CCC(C)(CCCC(C)CCCC(C)CCCC(C)C)O2,permuted,86,True,1286,./mappings/CC(=O)Oc1c(C)c(C)c2c(c1C)CCC(C)(CCCC(C)CCCC(C)CCCC(C)C)O2.json
9164,./c1ccc2c(c1)Nc1ccccc1S2,permuted,23,True,1,./mappings/c1ccc2c(c1)Nc1ccccc1S2.json
9172,./COC(=O)C1=COC(C)C2CN3CCc4c([nH]c5ccccc45)C3CC12,permuted,50,True,11,./mappings/COC(=O)C1=COC(C)C2CN3CCc4c([nH]c5ccccc45)C3CC12.json
9173,./CN1CCc2cc3c(cc2C1C1OC(=O)c2c1ccc1c2OCO1)OCO3,permuted,44,True,139,./mappings/CN1CCc2cc3c(cc2C1C1OC(=O)c2c1ccc1c2OCO1)OCO3.json
9175,./Nc1nc2ncc(CNc3ccc(C(=O)N[C@@H](CCC(=O)O)C(=O)O)cc3)nc2c(=O)[nH]1,permuted,51,True,54,./mappings/Nc1nc2ncc(CNc3ccc(C(=O)N[C@@H](CCC(=O)O)C(=O)O)cc3)nc2c(=O)[nH]1.json
9177,./CN(C(=O)CN(CCO)CC(=O)N(C)C(C)(C)Cc1ccccc1)C(C)(C)Cc1ccccc1,permuted,75,True,310,./mappings/CN(C(=O)CN(CCO)CC(=O)N(C)C(C)(C)Cc1ccccc1)C(C)(C)Cc1ccccc1.json
9178,./COc1cc([C@@H]2c3cc4c(cc3[C@H](O)[C@H]3COC(=O)[C@H]23)OCO4)cc(OC)c1OC,permuted,52,True,18,./mappings/COc1cc([C@@H]2c3cc4c(cc3[C@H](O)[C@H]3COC(=O)[C@H]23)OCO4)cc(OC)c1OC.json
9179,./C[C@@H]1O[C@@H](Oc2c(-c3ccc(O)c(O)c3)oc3cc(O)cc(O)c3c2=O)[C@H](O)[C@H](O)[C@H]1O,permuted,52,True,59,./mappings/C[C@@H]1O[C@@H](Oc2c(-c3ccc(O)c(O)c3)oc3cc(O)cc(O)c3c2=O)[C@H](O)[C@H](O)[C@H]1O.json
9186,./COC1COC2C(OC)COC12,permuted,26,True,28,./mappings/COC1COC2C(OC)COC12.json
9191,./O=C(CCc1ccc(O)cc1)c1c(O)cc(O)cc1O[C@@H]1O[C@H](CO)[C@@H](O)[C@H](O)[C@H]1O,permuted,55,True,174,./mappings/O=C(CCc1ccc(O)cc1)c1c(O)cc(O)cc1O[C@@H]1O[C@H](CO)[C@@H](O)[C@H](O)[C@H]1O.json
9196,./C[C@@H]1O[C@@H](O)[C@H](O)[C@H](O)[C@H]1O,permuted,23,True,43,./mappings/C[C@@H]1O[C@@H](O)[C@H](O)[C@H](O)[C@H]1O.json
9197,./OC[C@@]1(O)OC[C@@H](O)[C@@H](O)[C@@H]1O,permuted,24,True,86,./mappings/OC[C@@]1(O)OC[C@@H](O)[C@@H](O)[C@@H]1O.json
9200,./O=C(CO)[C@@H](O)[C@@H](O)[C@H](O)CO,permuted,24,True,129,./mappings/O=C(CO)[C@@H](O)[C@@H](O)[C@H](O)CO.json
9201,./O=C(CO)C(O)C(O)C(O)CO,permuted,24,True,100,./mappings/O=C(CO)C(O)C(O)C(O)CO.json
31203,./O=C(CO)C(O)C(O)C(O)CO,permuted,24,True,100,./mappings/O=C(CO)C(O)C(O)C(O)CO.json
9202,./OC1C(O)C(O)C(O)C(O)C1O,permuted,24,True,28,./mappings/OC1C(O)C(O)C(O)C(O)C1O.json
9205,./COC1OC(CO)C(O)C(O)C1O,permuted,27,True,59,./mappings/COC1OC(CO)C(O)C(O)C1O.json
9206,./COC1OC(CO)C(O)C(O)C1O,permuted,27,True,59,./mappings/COC1OC(CO)C(O)C(O)C1O.json
9211,./COC1OC(CO)C(O)C(O)C1O,permuted,27,True,59,./mappings/COC1OC(CO)C(O)C(O)C1O.json
9221,./CC(=O)N[C@@H]1[C@@H](O)C[C@@](O)(C(=O)O)O[C@H]1[C@H](O)[C@H](O)CO,permuted,40,True,113,./mappings/CC(=O)N[C@@H]1[C@@H](O)C[C@@](O)(C(=O)O)O[C@H]1[C@H](O)[C@H](O)CO.json
9226,./OC[C@H]1O[C@@H](Oc2ccc(O)cc2)[C@H](O)[C@@H](O)[C@@H]1O,permuted,35,True,191,./mappings/OC[C@H]1O[C@@H](Oc2ccc(O)cc2)[C@H](O)[C@@H](O)[C@@H]1O.json
9244,./OC[C@H](O)[C@@H](O)[C@H](O)[C@H](O)CO,permuted,26,True,373,./mappings/OC[C@H](O)[C@@H](O)[C@H](O)[C@H](O)CO.json
9245,./OC[C@@H](O)[C@@H](O)[C@H](O)[C@H](O)CO,permuted,26,True,348,./mappings/OC[C@@H](O)[C@@H](O)[C@H](O)[C@H](O)CO.json
9246,./OCC(O)C(O)C(O)CO,permuted,22,True,180,./mappings/OCC(O)C(O)C(O)CO.json
9247,./OC[C@H](O)[C@H](O)CO,permuted,18,True,200,./mappings/OC[C@H](O)[C@H](O)CO.json
9248,./OCC(O)C(O)C(O)C(O)CO,permuted,26,True,102,./mappings/OCC(O)C(O)C(O)C(O)CO.json
9253,./CCSC(SCC)[C@H](O)[C@@H](O)[C@H](O)[C@H](O)CO,permuted,39,True,976,./mappings/CCSC(SCC)[C@H](O)[C@@H](O)[C@H](O)[C@H](O)CO.json
9254,./OC[C@H]1O[C@H](O[C@]2(CO)O[C@H](CO)[C@@H](O)[C@@H]2O)[C@H](O)[C@@H](O)[C@@H]1O,permuted,45,True,97,./mappings/OC[C@H]1O[C@H](O[C@]2(CO)O[C@H](CO)[C@@H](O)[C@@H]2O)[C@H](O)[C@@H](O)[C@@H]1O.json
9259,./CC(=O)OC[C@H]1O[C@H](O[C@]2(COC(C)=O)O[C@H](COC(C)=O)[C@@H](OC(C)=O)[C@@H]2OC(C)=O)[C@H](OC(C)=O)[C@@H](OC(C)=O)[C@@H]1OC(C)=O,permuted,85,True,189,./mappings/CC(=O)OC[C@H]1O[C@H](O[C@]2(COC(C)=O)O[C@H](COC(C)=O)[C@@H](OC(C)=O)[C@@H]2OC(C)=O)[C@H](OC(C)=O)[C@@H](OC(C)=O)[C@@H]1OC(C)=O.json
9261,./OCC1OC(OC2C(CO)OC(O)C(O)C2O)C(O)C(O)C1O,permuted,45,True,228,./mappings/OCC1OC(OC2C(CO)OC(O)C(O)C2O)C(O)C(O)C1O.json
9262,./OC[C@H]1O[C@H](O[C@H]2O[C@H](CO)[C@@H](O)[C@H](O)[C@H]2O)[C@H](O)[C@@H](O)[C@@H]1O,permuted,45,True,170,./mappings/OC[C@H]1O[C@H](O[C@H]2O[C@H](CO)[C@@H](O)[C@H](O)[C@H]2O)[C@H](O)[C@@H](O)[C@@H]1O.json
9266,./O=c1[nH]c(=O)n([C@H]2C[C@H](O)[C@@H](CO)O2)cc1I,permuted,28,True,166,./mappings/O=c1[nH]c(=O)n([C@H]2C[C@H](O)[C@@H](CO)O2)cc1I.json
9267,./O=c1[nH]c(=O)n([C@H]2C[C@H](O)[C@@H](CO)O2)cc1F,permuted,28,True,84,./mappings/O=c1[nH]c(=O)n([C@H]2C[C@H](O)[C@@H](CO)O2)cc1F.json
9268,./O=c1[nH]c(=O)n([C@H]2C[C@H](O)[C@@H](CO)O2)cc1Br,permuted,28,True,74,./mappings/O=c1[nH]c(=O)n([C@H]2C[C@H](O)[C@@H](CO)O2)cc1Br.json
9269,./O=c1[nH]c(=O)n(C2OC(CO)C(O)C2O)cc1Br,permuted,29,True,68,./mappings/O=c1[nH]c(=O)n(C2OC(CO)C(O)C2O)cc1Br.json
9274,./Nc1ccn([C@@H]2O[C@H](CO)[C@@H](O)[C@H]2O)c(=O)n1,permuted,30,True,31,./mappings/Nc1ccn([C@@H]2O[C@H](CO)[C@@H](O)[C@H]2O)c(=O)n1.json
9276,./Cc1cn([C@H]2C[C@H](O)[C@@H](CO)O2)c(=O)[nH]c1=O,permuted,31,True,99,./mappings/Cc1cn([C@H]2C[C@H](O)[C@@H](CO)O2)c(=O)[nH]c1=O.json
9284,./Nc1ccn(C2CC(O)C(CO)O2)c(=O)n1,permuted,29,True,46,./mappings/Nc1ccn(C2CC(O)C(CO)O2)c(=O)n1.json
9288,./Nc1ncn([C@@H]2O[C@H](CO)[C@@H](O)[C@H]2O)c(=O)n1,permuted,29,True,45,./mappings/Nc1ncn([C@@H]2O[C@H](CO)[C@@H](O)[C@H]2O)c(=O)n1.json
9290,./Nc1ncnc2c1ncn2[C@H]1C[C@H](O)[C@@H](CO)O1,permuted,31,True,59,./mappings/Nc1ncnc2c1ncn2[C@H]1C[C@H](O)[C@@H](CO)O1.json
9291,./Nc1ncnc2c1ncn2[C@@H]1O[C@H](CO)[C@@H](O)[C@H]1O,permuted,32,True,67,./mappings/Nc1ncnc2c1ncn2[C@@H]1O[C@H](CO)[C@@H](O)[C@H]1O.json
9295,./Nc1ncnc2c1ncn2[C@@H]1O[C@H](COP(=O)(O)O)[C@@H](O)[C@H]1O,permuted,37,True,163,./mappings/Nc1ncnc2c1ncn2[C@@H]1O[C@H](COP(=O)(O)O)[C@@H](O)[C@H]1O.json
9299,./Nc1nc2c(ncn2[C@@H]2O[C@H](CO)[C@@H](O)[C@H]2O)c(=O)[nH]1,permuted,33,True,44,./mappings/Nc1nc2c(ncn2[C@@H]2O[C@H](CO)[C@@H](O)[C@H]2O)c(=O)[nH]1.json
9301,./Nc1nc2c(ncn2[C@H]2C[C@H](O)[C@@H](CO)O2)c(=O)[nH]1,permuted,32,True,47,./mappings/Nc1nc2c(ncn2[C@H]2C[C@H](O)[C@@H](CO)O2)c(=O)[nH]1.json
9311,./Nc1nc(=S)c2ncn([C@@H]3O[C@H](CO)[C@@H](O)[C@H]3O)c2[nH]1,permuted,33,True,82,./mappings/Nc1nc(=S)c2ncn([C@@H]3O[C@H](CO)[C@@H](O)[C@H]3O)c2[nH]1.json
9312,./O=c1[nH]cnc2c1ncn2[C@@H]1O[C@H](CO)[C@@H](O)[C@H]1O,permuted,31,True,90,./mappings/O=c1[nH]cnc2c1ncn2[C@@H]1O[C@H](CO)[C@@H](O)[C@H]1O.json
9314,./Cc1c[nH]c(=O)[nH]c1=O,permuted,15,True,2,./mappings/Cc1c[nH]c(=O)[nH]c1=O.json
9318,./Nc1ccnc(=O)[nH]1,permuted,13,True,1,./mappings/Nc1ccnc(=O)[nH]1.json
9320,./Cc1cnccn1,permuted,13,True,1,./mappings/Cc1cnccn1.json
9321,./CCc1cnccn1,permuted,16,True,3,./mappings/CCc1cnccn1.json
9323,./CC(=O)c1cnccn1,permuted,15,True,2,./mappings/CC(=O)c1cnccn1.json
9326,./Cc1nccnc1C,permuted,16,True,2,./mappings/Cc1nccnc1C.json
9329,./CCCc1cc(=O)[nH]c(=S)[nH]1,permuted,21,True,6,./mappings/CCCc1cc(=O)[nH]c(=S)[nH]1.json
9332,./O=C(O)c1ccncc1,permuted,14,True,1,./mappings/O=C(O)c1ccncc1.json
9333,./NC(=O)c1cccnc1,permuted,15,True,2,./mappings/NC(=O)c1cccnc1.json
9343,./c1ncc2[nH]cnc2n1,permuted,13,True,1,./mappings/c1ncc2[nH]cnc2n1.json
9345,./Cn1c(=O)c2c(ncn2C)n(C)c1=O,permuted,24,True,4,./mappings/Cn1c(=O)c2c(ncn2C)n(C)c1=O.json
9346,./O=c1[nH]cnc2nc[nH]c12,permuted,14,True,1,./mappings/O=c1[nH]cnc2nc[nH]c12.json
9351,./Cn1c(=O)c2c(ncn2CC(O)CO)n(C)c1=O,permuted,32,True,77,./mappings/Cn1c(=O)c2c(ncn2CC(O)CO)n(C)c1=O.json
9352,./Cn1c(=O)c2[nH]cnc2n(C)c1=O,permuted,21,True,1,./mappings/Cn1c(=O)c2[nH]cnc2n(C)c1=O.json
9353,./CC(C)Cn1c(=O)n(C)c(=O)c2[nH]cnc21,permuted,30,True,5,./mappings/CC(C)Cn1c(=O)n(C)c(=O)c2[nH]cnc21.json
9354,./Cn1c(=O)c2c(ncn2CCO)n(C)c1=O,permuted,28,True,19,./mappings/Cn1c(=O)c2c(ncn2CCO)n(C)c1=O.json
9356,./Cn1ccnc1,permuted,12,True,1,./mappings/Cn1ccnc1.json
9361,./Cc1nc2ccccc2c(=O)[nH]1,permuted,20,True,1,./mappings/Cc1nc2ccccc2c(=O)[nH]1.json
9362,./c1ccc2c(c1)cnc1ccccc12,permuted,23,True,1,./mappings/c1ccc2c(c1)cnc1ccccc12.json
9365,./C[C@@H](N)C(=O)O,permuted,13,True,5,./mappings/C[C@@H](N)C(=O)O.json
9366,./C[C@H](N)C(=O)O,permuted,13,True,7,./mappings/C[C@H](N)C(=O)O.json
9370,./NCCC(=O)O,permuted,13,True,62,./mappings/NCCC(=O)O.json
9372,./O=C(O)CCNC(=O)c1ccccc1,permuted,25,True,20,./mappings/O=C(O)CCNC(=O)c1ccccc1.json
9374,./N[C@H](Cc1ccccc1)C(=O)O,permuted,23,True,15,./mappings/N[C@H](Cc1ccccc1)C(=O)O.json
9377,./O=CNC(Cc1ccccc1)C(=O)O,permuted,25,True,19,./mappings/O=CNC(Cc1ccccc1)C(=O)O.json
9383,./COC(=O)[C@H](Cc1ccccc1)NC(=O)[C@@H](N)CC(=O)O,permuted,39,True,252,./mappings/COC(=O)[C@H](Cc1ccccc1)NC(=O)[C@@H](N)CC(=O)O.json
9384,./O=C(NC(Cc1ccccc1)C(=O)O)OCc1ccccc1,permuted,39,True,123,./mappings/O=C(NC(Cc1ccccc1)C(=O)O)OCc1ccccc1.json
9387,./O=C(NC(Cc1ccccc1)C(=O)O)OCC1c2ccccc2-c2ccccc21,permuted,50,True,144,./mappings/O=C(NC(Cc1ccccc1)C(=O)O)OCC1c2ccccc2-c2ccccc21.json
9389,./O=C(O)[C@H]1CCCN1,permuted,17,True,6,./mappings/O=C(O)[C@H]1CCCN1.json
9390,./O=C(O)[C@@H]1C[C@@H](O)CN1,permuted,18,True,15,./mappings/O=C(O)[C@@H]1C[C@@H](O)CN1.json
8286,./O=C(O)[C@@H]1C[C@@H](O)CN1,permuted,18,True,15,./mappings/O=C(O)[C@@H]1C[C@@H](O)CN1.json
9391,./O=C1CCC(C(=O)O)N1,permuted,16,True,3,./mappings/O=C1CCC(C(=O)O)N1.json
9392,./NC(=O)CC[C@H](N)C(=O)O,permuted,20,True,126,./mappings/NC(=O)CC[C@H](N)C(=O)O.json
9397,./C[C@H](N)C(=O)N[C@@H](CCC(N)=O)C(=O)O,permuted,30,True,259,./mappings/C[C@H](N)C(=O)N[C@@H](CCC(N)=O)C(=O)O.json
9398,./NCC(=O)N[C@@H](CCC(N)=O)C(=O)O,permuted,27,True,147,./mappings/NCC(=O)N[C@@H](CCC(N)=O)C(=O)O.json
9399,./CC(=O)N[C@@H](CCC(N)=O)C(=O)O,permuted,25,True,54,./mappings/CC(=O)N[C@@H](CCC(N)=O)C(=O)O.json
9403,./O=C(O)CCC(NC(=O)OCc1ccccc1)C(=O)O,permuted,35,True,356,./mappings/O=C(O)CCC(NC(=O)OCc1ccccc1)C(=O)O.json
9409,./O=C(NC(Cc1cnc[nH]1)C(=O)O)c1ccccc1,permuted,32,True,23,./mappings/O=C(NC(Cc1cnc[nH]1)C(=O)O)c1ccccc1.json
9420,./CC(=O)N[C@@H](Cc1ccc(O)cc1)C(=O)O,permuted,29,True,33,./mappings/CC(=O)N[C@@H](Cc1ccc(O)cc1)C(=O)O.json
9436,./N[C@@H](Cc1c[nH]c2ccccc12)C(=O)O,permuted,27,True,28,./mappings/N[C@@H](Cc1c[nH]c2ccccc12)C(=O)O.json
9438,./CC(=O)NC(Cc1c[nH]c2ccccc12)C(=O)O,permuted,32,True,47,./mappings/CC(=O)NC(Cc1c[nH]c2ccccc12)C(=O)O.json
9450,./CC(C)C[C@H](NC(=O)OCC1c2ccccc2-c2ccccc21)C(=O)O,permuted,49,True,307,./mappings/CC(C)C[C@H](NC(=O)OCC1c2ccccc2-c2ccccc21)C(=O)O.json
9466,./N[C@@H]1CONC1=O,permuted,13,True,6,./mappings/N[C@@H]1CONC1=O.json
9467,./CC(C)C(N)C(=O)O,permuted,19,True,38,./mappings/CC(C)C(N)C(=O)O.json
9480,./NC(N)=NCCC[C@H](NC(=O)OCc1ccccc1)C(=O)O,not_isomorphic_or_failed_mapping,42,False,1,
9484,./COC(=O)[C@H](CCCN=C(N)N)NS(=O)(=O)c1ccc(C)cc1,not_isomorphic_or_failed_mapping,45,False,1,
9488,./NC(=O)CC(NC(=O)OCc1ccccc1)C(=O)O,permuted,33,True,141,./mappings/NC(=O)CC(NC(=O)OCc1ccccc1)C(=O)O.json
9489,./CC(C)(C)OC(=O)N[C@@H](CC(=O)OCc1ccccc1)C(=O)O,permuted,44,True,450,./mappings/CC(C)(C)OC(=O)N[C@@H](CC(=O)OCc1ccccc1)C(=O)O.json
9497,./CSCCC(N)C(=O)O,permuted,20,True,61,./mappings/CSCCC(N)C(=O)O.json
9504,./CN(C)CC(=O)O,permuted,16,True,4,./mappings/CN(C)CC(=O)O.json
9505,./NCC(=O)NCC(=O)O,permuted,17,True,18,./mappings/NCC(=O)NCC(=O)O.json
9527,./CC(C)(S)C(N)C(=O)O,permuted,20,True,29,./mappings/CC(C)(S)C(N)C(=O)O.json
9528,./CC(=O)N[C@@H](CC(C)C)C(=O)O,permuted,27,True,50,./mappings/CC(=O)N[C@@H](CC(C)C)C(=O)O.json
9535,./N[C@@H](CCO)C(=O)O,permuted,17,True,70,./mappings/N[C@@H](CCO)C(=O)O.json
9539,./CCCCCCCCCCCC(=O)O,permuted,38,True,3358,./mappings/CCCCCCCCCCCC(=O)O.json
9540,./CCCCCCCC(=O)O,permuted,26,True,414,./mappings/CCCCCCCC(=O)O.json
9542,./CCCC(=O)O,permuted,14,True,30,./mappings/CCCC(=O)O.json
9544,./CCCCCCCCC(=O)O,permuted,29,True,789,./mappings/CCCCCCCCC(=O)O.json
9546,./CCCCCCCCCCC(=O)O,permuted,35,True,3713,./mappings/CCCCCCCCCCC(=O)O.json
9566,./O=C1O[C@H]([C@@H](O)CO)C(O)=C1O,permuted,20,True,68,./mappings/O=C1O[C@H]([C@@H](O)CO)C(O)=C1O.json
9571,./COC(=O)CCC(C)=O,permuted,19,True,34,./mappings/COC(=O)CCC(C)=O.json
9572,./CC(=O)CCC(=O)O,permuted,16,True,10,./mappings/CC(=O)CCC(=O)O.json
9579,./C=C\CCCCCCCC(=O)O,pickle_missing,,False,0,
9582,./C=C\CCCCCCCC(=O)O,pickle_missing,,False,0,
9586,./C=C\CCCCCCCC(=O)OCC,pickle_missing,,False,0,
9603,./C)CCC=C(C)C,pickle_missing,,False,0,
9606,./C=CC(C)(O)CCC=C(C)C,permuted,29,True,227,./mappings/C=CC(C)(O)CCC=C(C)C.json
9609,./OCC(O)CO,permuted,14,True,72,./mappings/OCC(O)CO.json
9610,./CCCCCCCCCC(=O)OCC(O)CO,permuted,43,True,2268,./mappings/CCCCCCCCCC(=O)OCC(O)CO.json
9644,./O=C1C=CC(=O)c2c(O)cccc21,permuted,19,True,1,./mappings/O=C1C=CC(=O)c2c(O)cccc21.json
9646,./CC1=CC(=O)c2ccccc2C1=O,permuted,21,True,2,./mappings/CC1=CC(=O)c2ccccc2C1=O.json
9652,./O=C1C=Cc2ccccc2C1=O,permuted,18,True,1,./mappings/O=C1C=Cc2ccccc2C1=O.json
9653,./O=C1c2ccccc2C(=O)c2ccccc21,permuted,24,True,1,./mappings/O=C1c2ccccc2C(=O)c2ccccc21.json
9655,./O=C1c2cccc(O)c2C(=O)c2c(O)cccc21,permuted,26,True,1,./mappings/O=C1c2cccc(O)c2C(=O)c2c(O)cccc21.json
9661,./Nc1ccc(O)c2c1C(=O)c1ccccc1C2=O,permuted,27,True,1,./mappings/Nc1ccc(O)c2c1C(=O)c1ccccc1C2=O.json
9665,./CC(C)(C)c1ccc2c(c1)C(=O)c1ccccc1C2=O,permuted,36,True,3,./mappings/CC(C)(C)c1ccc2c(c1)C(=O)c1ccccc1C2=O.json
9671,./c1ccc2occc2c1,permuted,15,True,1,./mappings/c1ccc2occc2c1.json
9678,./O=c1ccc2ccccc2o1,permuted,17,True,1,./mappings/O=c1ccc2ccccc2o1.json
9683,./O=c1ccc2cc(O)c(O)cc2o1,permuted,19,True,4,./mappings/O=c1ccc2cc(O)c(O)cc2o1.json
9684,./Cc1cc(=O)oc2cc3c(cc12)OCO3,permuted,23,True,1,./mappings/Cc1cc(=O)oc2cc3c(cc12)OCO3.json
9685,./O=c1c(O)c(-c2ccccc2)oc2ccccc12,permuted,28,True,1,./mappings/O=c1c(O)c(-c2ccccc2)oc2ccccc12.json
11758,./O=c1c(O)c(-c2ccccc2)oc2ccccc12,permuted,28,True,1,./mappings/O=c1c(O)c(-c2ccccc2)oc2ccccc12.json
9686,./O=c1cc(-c2ccccc2)oc2ccc(O)cc12,permuted,28,True,3,./mappings/O=c1cc(-c2ccccc2)oc2ccc(O)cc12.json
11275,./O=c1cc(-c2ccccc2)oc2ccc(O)cc12,permuted,28,True,3,./mappings/O=c1cc(-c2ccccc2)oc2ccc(O)cc12.json
9687,./O=C(O)c1cc(=O)c2ccccc2o1,permuted,20,True,2,./mappings/O=C(O)c1cc(=O)c2ccccc2o1.json
9688,./O=c1c(O)c(-c2ccc(O)c(O)c2)oc2cc(O)ccc12,permuted,31,True,4,./mappings/O=c1c(O)c(-c2ccc(O)c(O)c2)oc2cc(O)ccc12.json
9689,./COc1c2occc2c(OC)c2c(=O)cc(C)oc12,permuted,31,True,8,./mappings/COc1c2occc2c(OC)c2c(=O)cc(C)oc12.json
9690,./O=c1c2ccccc2oc2ccccc12,permuted,23,True,1,./mappings/O=c1c2ccccc2oc2ccccc12.json
11301,./O=c1c2ccccc2oc2ccccc12,permuted,23,True,1,./mappings/O=c1c2ccccc2oc2ccccc12.json
9692,./C=CCc1ccc(O)c(OC)c1,permuted,24,True,11,./mappings/C=CCc1ccc(O)c(OC)c1.json
9693,./c1ccc(O)c(OC)c1,pickle_missing,,False,0,
9697,./c1ccccc1,pickle_missing,,False,0,
9700,./c1ccccc1,pickle_missing,,False,0,
9702,./c1ccccc1)c1ccccc1,pickle_missing,,False,0,
9707,./NC(=O)NOCc1ccccc1,permuted,22,True,22,./mappings/NC(=O)NOCc1ccccc1.json
9713,./C1=Cc2ccccc2Nc2ccccc21,permuted,26,True,1,./mappings/C1=Cc2ccccc2Nc2ccccc21.json
9714,./c1ccc2c(c1)CNc1ccccc1C2,permuted,28,True,1,./mappings/c1ccc2c(c1)CNc1ccccc1C2.json
9716,./CN1CCCCCC1=O,permuted,22,True,3,./mappings/CN1CCCCCC1=O.json
9721,./C1CCC2=NCCCN2CC1,permuted,27,True,6,./mappings/C1CCC2=NCCCN2CC1.json
9722,./C1CCc2nnnn2CC1,permuted,20,True,7,./mappings/C1CCc2nnnn2CC1.json
9729,./COc1cc2c(c(OC)c1OC)-c1ccc(OC)c(=O)cc1[C@@H](NC(C)=O)CC2,permuted,54,True,108,./mappings/COc1cc2c(c(OC)c1OC)-c1ccc(OC)c(=O)cc1[C@@H](NC(C)=O)CC2.json
9733,./COC(=O)c1cc(O)c(O)c(O)c1,permuted,21,True,2,./mappings/COC(=O)c1cc(O)c(O)c(O)c1.json
9735,./Cc1cc2nc3c(=O)[nH]c(=O)nc-3n(C[C@H](O)[C@H](O)[C@H](O)CO)c2cc1C,permuted,47,True,144,./mappings/Cc1cc2nc3c(=O)[nH]c(=O)nc-3n(C[C@H](O)[C@H](O)[C@H](O)CO)c2cc1C.json
9736,./O=C1OC(C(O)CO)C(O)=C1O,permuted,20,True,103,./mappings/O=C1OC(C(O)CO)C(O)=C1O.json
9738,./CCCCCCCCCCCCCCCC(=O)OC[C@H](O)[C@H]1OC(=O)C(O)=C1O,permuted,67,True,1056,./mappings/CCCCCCCCCCCCCCCC(=O)OC[C@H](O)[C@H]1OC(=O)C(O)=C1O.json
9739,./c1ccc2c(c1)OCO2,permuted,15,True,1,./mappings/c1ccc2c(c1)OCO2.json
9740,./C=CCc1ccc2c(c1)OCO2,permuted,22,True,41,./mappings/C=CCc1ccc2c(c1)OCO2.json
9741,./CC=Cc1ccc2c(c1)OCO2,permuted,22,True,7,./mappings/CC=Cc1ccc2c(c1)OCO2.json
9745,./O=C(O)C1(O)CC(O)C(O)C(O)C1,permuted,25,True,27,./mappings/O=C(O)C1(O)CC(O)C(O)C(O)C1.json
9753,./COc1ccc(C(=O)O)cc1,permuted,19,True,2,./mappings/COc1ccc(C(=O)O)cc1.json
9759,./CC(=O)Oc1ccccc1C(=O)O,permuted,21,True,5,./mappings/CC(=O)Oc1ccccc1C(=O)O.json
9760,./CO,pickle_missing,,False,0,
9764,./CC(C)CCCC(C)CCCC(C)CCCCC(C)CCCC(C)CCCC(C)C,permuted,92,True,2486,./mappings/CC(C)CCCC(C)CCCC(C)CCCCC(C)CCCC(C)CCCC(C)C.json
9769,./O=C1CCCO1,permuted,12,True,1,./mappings/O=C1CCCO1.json
9774,./O=C1CCCCO1,atom_count_mismatch,11/15,False,1,
9776,./O=C1C=CCC1,permuted,12,True,1,./mappings/O=C1C=CCC1.json
9777,./c1cc[nH]c1,permuted,10,True,1,./mappings/c1cc[nH]c1.json
9778,./Cn1cccc1,permuted,13,True,1,./mappings/Cn1cccc1.json
9779,./O=Cc1ccc[nH]1,permuted,12,True,2,./mappings/O=Cc1ccc[nH]1.json
9781,./c1ccoc1,permuted,9,True,1,./mappings/c1ccoc1.json
9783,./Cc1ccoc1,permuted,12,True,1,./mappings/Cc1ccoc1.json
9784,./c1ccc2[nH]ccc2c1,permuted,16,True,1,./mappings/c1ccc2[nH]ccc2c1.json
9787,./Cc1c[nH]c2ccccc12,permuted,19,True,2,./mappings/Cc1c[nH]c2ccccc12.json
9789,./Oc1ccc2[nH]ccc2c1,permuted,17,True,1,./mappings/Oc1ccc2[nH]ccc2c1.json
9792,./O=C(C=Cc1ccccc1)c1ccc(O)cc1,permuted,29,True,75,./mappings/O=C(C=Cc1ccccc1)c1ccc(O)cc1.json
9793,./Oc1ccccc1,permuted,13,True,1,./mappings/Oc1ccccc1.json
9794,./Oc1cccc(O)c1,permuted,14,True,3,./mappings/Oc1cccc(O)c1.json
9795,./Oc1cccc(O)c1O,permuted,15,True,3,./mappings/Oc1cccc(O)c1O.json
9797,./COc1ccccc1O,permuted,17,True,3,./mappings/COc1ccccc1O.json
9808,./CN1CCC[C@H]1c1cccnc1,permuted,26,True,21,./mappings/CN1CCC[C@H]1c1cccnc1.json
9809,./NCCc1c[nH]c2ccccc12,permuted,24,True,88,./mappings/NCCc1c[nH]c2ccccc12.json
9812,./Cc1occc(=O)c1O,permuted,15,True,1,./mappings/Cc1occc(=O)c1O.json
9814,./COc1ccc(CCC(=O)O)cc1OC,permuted,29,True,59,./mappings/COc1ccc(CCC(=O)O)cc1OC.json
9815,./O=C1CCc2ccccc21,permuted,18,True,1,./mappings/O=C1CCc2ccccc21.json
9817,./O=C1C=CCCC1,permuted,15,True,1,./mappings/O=C1C=CCCC1.json
9821,./c1ccc(OC)cc1,pickle_missing,,False,0,
9822,./COc1cc(C=CC(=O)O)cc(OC)c1O,permuted,28,True,11,./mappings/COc1cc(C=CC(=O)O)cc(OC)c1O.json
9823,./C(=O)O)cc1,pickle_missing,,False,0,
9824,./C(=O)O)ccc1O,pickle_missing,,False,0,
9828,./c2ccc(O)c(OC)c2)ccc1O,pickle_missing,,False,0,
9829,./c1ccc(OC)cc1,pickle_missing,,False,0,
9834,./OCCc1ccccc1,permuted,19,True,8,./mappings/OCCc1ccccc1.json
9836,./OCc1ccccc1,permuted,16,True,3,./mappings/OCc1ccccc1.json
9837,./Cc1cc(O)cc(=O)o1,permuted,15,True,1,./mappings/Cc1cc(O)cc(=O)o1.json
9838,./O=C1C=CCCO1,permuted,13,True,1,./mappings/O=C1C=CCCO1.json
9845,./COc1ccc(C(C)=O)c(O)c1,permuted,22,True,2,./mappings/COc1ccc(C(C)=O)c(O)c1.json
9846,./COC(=O)c1ccccc1O,permuted,19,True,2,./mappings/COC(=O)c1ccccc1O.json
9849,./COc1ccc(C=O)cc1,permuted,18,True,2,./mappings/COc1ccc(C=O)cc1.json
9850,./CCCCCc1cc(O)cc(O)c1,permuted,29,True,38,./mappings/CCCCCc1cc(O)cc(O)c1.json
9852,./O=Cc1ccccc1,permuted,14,True,1,./mappings/O=Cc1ccccc1.json
9856,./N#Cc1cccnc1,permuted,12,True,1,./mappings/N#Cc1cccnc1.json
9857,./Cn1ccccc1=O,permuted,15,True,1,./mappings/Cn1ccccc1=O.json
9864,./COc1ccc(CCN)cc1OC,permuted,28,True,44,./mappings/COc1ccc(CCN)cc1OC.json
9867,./O=C(O)c1ccc(O)c(O)c1,permuted,17,True,4,./mappings/O=C(O)c1ccc(O)c(O)c1.json
11199,./O=C(O)c1ccc(O)c(O)c1,permuted,17,True,4,./mappings/O=C(O)c1ccc(O)c(O)c1.json
9869,./COc1ccc(C(=O)O)cc1OC,permuted,23,True,20,./mappings/COc1ccc(C(=O)O)cc1OC.json
9870,./O=C(O)c1cccc(O)c1O,permuted,17,True,2,./mappings/O=C(O)c1cccc(O)c1O.json
9871,./Cc1cccc(O)c1O,permuted,17,True,3,./mappings/Cc1cccc(O)c1O.json
9873,./O=C(O)[C@@H](O)c1ccccc1,permuted,19,True,4,./mappings/O=C(O)[C@@H](O)c1ccccc1.json
9874,./O=C(O)CCCCC1CCSS1,permuted,26,True,356,./mappings/O=C(O)CCCCC1CCSS1.json
9879,./S=C(Nc1ccccc1)Nc1nccs1,permuted,24,True,4,./mappings/S=C(Nc1ccccc1)Nc1nccs1.json
9884,./OCCc1c[nH]c2ccccc12,permuted,23,True,14,./mappings/OCCc1c[nH]c2ccccc12.json
9886,./O=C(Nc1ccccc1)Nc1ccccc1,permuted,28,True,3,./mappings/O=C(Nc1ccccc1)Nc1ccccc1.json
9888,./CCOC(=O)C(C)=O,permuted,16,True,9,./mappings/CCOC(=O)C(C)=O.json
9890,./CCO,permuted,9,True,2,./mappings/CCO.json
9891,./CCCO,permuted,12,True,5,./mappings/CCCO.json
9892,./CC(C)O,permuted,12,True,3,./mappings/CC(C)O.json
9893,./CCCCO,permuted,15,True,21,./mappings/CCCCO.json
9894,./CC(C)CO,permuted,15,True,5,./mappings/CC(C)CO.json
9897,./CCOCC,permuted,15,True,24,./mappings/CCOCC.json
9899,./CCC(C)=O,permuted,13,True,6,./mappings/CCC(C)=O.json
9900,./COC(C)=O,permuted,11,True,4,./mappings/COC(C)=O.json
9901,./CCOC(C)=O,permuted,14,True,14,./mappings/CCOC(C)=O.json
9903,./CCCCCCC,permuted,23,True,81,./mappings/CCCCCCC.json
9904,./CCCCCC,permuted,20,True,18,./mappings/CCCCCC.json
9906,./Cc1ccccc1,atom_count_mismatch,21/15,False,1,
9907,./CCc1ccccc1,atom_count_mismatch,24/18,False,1,
9908,./Cc1ccccc1C,permuted,18,True,1,./mappings/Cc1ccccc1C.json
9912,./c1ccncc1,permuted,11,True,1,./mappings/c1ccncc1.json
9913,./C1CCOC1,atom_count_mismatch,9/13,False,1,
9926,./CC(C)c1cccc(O)c(=O)c1,permuted,24,True,3,./mappings/CC(C)c1cccc(O)c(=O)c1.json
9929,./Cc1cc(N)nc(C)n1,permuted,18,True,1,./mappings/Cc1cc(N)nc(C)n1.json
9961,./c1ccc(Cn2ccnc2)cc1,permuted,22,True,7,./mappings/c1ccc(Cn2ccnc2)cc1.json
9968,./O=Cc1ccccc1F,permuted,14,True,2,./mappings/O=Cc1ccccc1F.json
9973,./C#CCCO,permuted,11,True,5,./mappings/C#CCCO.json
9982,./CC1CCC(C(C)C)C(=O)C1,permuted,29,True,21,./mappings/CC1CCC(C(C)C)C(=O)C1.json
9984,./N#Cc1ccccc1F,permuted,13,True,1,./mappings/N#Cc1ccccc1F.json
10004,./CC(=O)O[C@@H]1CC[C@@]2(C)[C@@H](CC[C@]3(C)[C@@H]2C(=O)C=C2[C@@H]4[C@@H](C)[C@H](C)CC[C@]4(C)CC[C@]23C)[C@@]1(C)C(=O)O,permuted,85,True,17,./mappings/CC(=O)O[C@@H]1CC[C@@]2(C)[C@@H](CC[C@]3(C)[C@@H]2C(=O)C=C2[C@@H]4[C@@H](C)[C@H](C)CC[C@]4(C)CC[C@]23C)[C@@]1(C)C(=O)O.json
10012,./CC1CC2OC(=O)C3(C)CCCC(C)(C23)C1(O)CCc1ccoc1,permuted,52,True,66,./mappings/CC1CC2OC(=O)C3(C)CCCC(C)(C23)C1(O)CCc1ccoc1.json
10040,./CC1(C)CC[C@]2(C(=O)O)CC[C@]3(C)C(=CC[C@@H]4[C@@]5(C)CC[C@H](O)C(C)(C)[C@@H]5CC[C@]43C)[C@@H]2C1,permuted,81,True,27,./mappings/CC1(C)CC[C@]2(C(=O)O)CC[C@]3(C)C(=CC[C@@H]4[C@@]5(C)CC[C@H](O)C(C)(C)[C@@H]5CC[C@]43C)[C@@H]2C1.json
10044,./C[C@@H]1[C@H]2C3=CC[C@@H]4[C@@]5(C)CC[C@H](O)C(C)(C)[C@@H]5CC[C@@]4(C)[C@]3(C)CC[C@@]2(C(=O)O)CC[C@H]1C,permuted,81,True,25,./mappings/C[C@@H]1[C@H]2C3=CC[C@@H]4[C@@]5(C)CC[C@H](O)C(C)(C)[C@@H]5CC[C@@]4(C)[C@]3(C)CC[C@@]2(C(=O)O)CC[C@H]1C.json
10230,./C[C@@H]1[C@H]2C3=CC[C@@H]4[C@@]5(C)CC[C@H](O)C(C)(C)[C@@H]5CC[C@@]4(C)[C@]3(C)CC[C@@]2(C(=O)O)CC[C@H]1C,permuted,81,True,25,./mappings/C[C@@H]1[C@H]2C3=CC[C@@H]4[C@@]5(C)CC[C@H](O)C(C)(C)[C@@H]5CC[C@@]4(C)[C@]3(C)CC[C@@]2(C(=O)O)CC[C@H]1C.json
20962,./C[C@@H]1[C@H]2C3=CC[C@@H]4[C@@]5(C)CC[C@H](O)C(C)(C)[C@@H]5CC[C@@]4(C)[C@]3(C)CC[C@@]2(C(=O)O)CC[C@H]1C,permuted,81,True,25,./mappings/C[C@@H]1[C@H]2C3=CC[C@@H]4[C@@]5(C)CC[C@H](O)C(C)(C)[C@@H]5CC[C@@]4(C)[C@]3(C)CC[C@@]2(C(=O)O)CC[C@H]1C.json
10067,./Cc1cc(O)c(C=O)c2c1C(=O)Oc1c(COC(=O)C=CC(=O)O)c(O)c(C(=O)O)c(C)c1O2,permuted,50,True,258,./mappings/Cc1cc(O)c(C=O)c2c1C(=O)Oc1c(COC(=O)C=CC(=O)O)c(O)c(C(=O)O)c(C)c1O2.json
10085,./C[C@H]1COC2=C1C(=O)C(=O)c1c2ccc2c1CCCC2(C)C,permuted,42,True,4,./mappings/C[C@H]1COC2=C1C(=O)C(=O)c1c2ccc2c1CCCC2(C)C.json
2887,./C[C@H]1COC2=C1C(=O)C(=O)c1c2ccc2c1CCCC2(C)C,permuted,42,True,4,./mappings/C[C@H]1COC2=C1C(=O)C(=O)c1c2ccc2c1CCCC2(C)C.json
10120,./CCC(=O)OC(OP(=O)(CCCCc1ccccc1)CC(=O)N1C[C@H](C2CCCCC2)C[C@H]1C(=O)O)C(C)C,permuted_BUT_inconsistent,85,False,919,./mappings/CCC(=O)OC(OP(=O)(CCCCc1ccccc1)CC(=O)N1C[C@H](C2CCCCC2)C[C@H]1C(=O)O)C(C)C.json
10163,./CC12CCC3c4ccc(O)cc4CCC3C1CCC2=O,permuted,42,True,5,./mappings/CC12CCC3c4ccc(O)cc4CCC3C1CCC2=O.json
10171,./CC[C@H](CC[C@@H](C)[C@H]1CC[C@H]2[C@@H]3CC=C4C[C@@H](O[C@@H]5O[C@H](CO)[C@@H](O)[C@H](O)[C@H]5O)CC[C@]4(C)[C@H]3CC[C@@]21C)C(C)C,permuted,101,True,786,./mappings/CC[C@H](CC[C@@H](C)[C@H]1CC[C@H]2[C@@H]3CC=C4C[C@@H](O[C@@H]5O[C@H](CO)[C@@H](O)[C@H](O)[C@H]5O)CC[C@]4(C)[C@H]3CC[C@@]21C)C(C)C.json
8302,./CC[C@H](CC[C@@H](C)[C@H]1CC[C@H]2[C@@H]3CC=C4C[C@@H](O[C@@H]5O[C@H](CO)[C@@H](O)[C@H](O)[C@H]5O)CC[C@]4(C)[C@H]3CC[C@@]21C)C(C)C,permuted,101,True,786,./mappings/CC[C@H](CC[C@@H](C)[C@H]1CC[C@H]2[C@@H]3CC=C4C[C@@H](O[C@@H]5O[C@H](CO)[C@@H](O)[C@H](O)[C@H]5O)CC[C@]4(C)[C@H]3CC[C@@]21C)C(C)C.json
10234,./C(=O)O1,pickle_missing,,False,0,
10249,./Cc1cc(O)c(C=O)c2c1C(=O)Oc1c(CO)c(O)c3c(c1O2)C(O)OC3=O,permuted,40,True,22,./mappings/Cc1cc(O)c(C=O)c2c1C(=O)Oc1c(CO)c(O)c3c(c1O2)C(O)OC3=O.json
10250,./C=C(C)C1CCC2(C)CCC3(C)C(CCC4C5(C)CCC(O)C(C)(C)C5CCC43C)C12,permuted,81,True,40,./mappings/C=C(C)C1CCC2(C)CCC3(C)C(CCC4C5(C)CCC(O)C(C)(C)C5CCC43C)C12.json
10505,./c2ccc(O)c(O)c2)[C@H](O)[C@H](O)[C@H]1O,pickle_missing,,False,0,
10329,./CC1(C)CC[C@]2(C(=O)O)CC[C@]3(C)C(=CC[C@@H]4[C@@]5(C)CC[C@H](O)[C@@](C)(CO)[C@@H]5CC[C@]43C)[C@@H]2C1,permuted,82,True,55,./mappings/CC1(C)CC[C@]2(C(=O)O)CC[C@]3(C)C(=CC[C@@H]4[C@@]5(C)CC[C@H](O)[C@@](C)(CO)[C@@H]5CC[C@]43C)[C@@H]2C1.json
10378,./c1ccc(O)c(O)c1)O[C@@H]1C[C@](O)(C(=O)O)C[C@@H](O)[C@H]1O,pickle_missing,,False,0,
10424,./c1ccc(O)c(O)c1)O[C@@H]1C[C@](O)(C(=O)O)C[C@@H](O)[C@H]1O,pickle_missing,,False,0,
10425,./c1ccc(O)c(O)c1)O[C@@H]1C[C@](O)(C(=O)O)C[C@@H](O)[C@H]1O,pickle_missing,,False,0,
10400,./COc1cc(C2OC(c3cc(OC)c(OC)c(OC)c3)C(C)C2C)cc(OC)c1OC,permuted,63,True,76,./mappings/COc1cc(C2OC(c3cc(OC)c(OC)c(OC)c3)C(C)C2C)cc(OC)c1OC.json
10452,./CC1CCC2(OC1)OC1CC3C4CCC5CC(O)CCC5(C)C4CCC3(C)C1C2C,permuted,74,True,14,./mappings/CC1CCC2(OC1)OC1CC3C4CCC5CC(O)CCC5(C)C4CCC3(C)C1C2C.json
10453,./C[C@H]1CC[C@@]2(OC1)O[C@H]1C[C@H]3[C@@H]4CC[C@@H]5C[C@@H](O)CC[C@]5(C)[C@H]4CC[C@]3(C)[C@H]1[C@@H]2C,permuted,74,True,24,./mappings/C[C@H]1CC[C@@]2(OC1)O[C@H]1C[C@H]3[C@@H]4CC[C@@H]5C[C@@H](O)CC[C@]5(C)[C@H]4CC[C@]3(C)[C@H]1[C@@H]2C.json
10456,./CCC(CCC(C)C1CCC2C3CC=C4CC(O)CCC4(C)C3CCC12C)C(C)C,permuted,80,True,507,./mappings/CCC(CCC(C)C1CCC2C3CC=C4CC(O)CCC4(C)C3CCC12C)C(C)C.json
10477,./C[C@]12C=CC(=O)C=C1CC[C@@H]1[C@@H]2CC[C@]2(C)[C@@H](O)CC[C@@H]12,permuted,47,True,1,./mappings/C[C@]12C=CC(=O)C=C1CC[C@@H]1[C@@H]2CC[C@]2(C)[C@@H](O)CC[C@@H]12.json
10535,./COc1ccc2c(c1OC)C(=O)OC2C1c2cc3c(cc2CCN1C)OCO3,permuted,49,True,359,./mappings/COc1ccc2c(c1OC)C(=O)OC2C1c2cc3c(cc2CCN1C)OCO3.json
10540,./CN1CCc2cc3c(cc2C(=O)Cc2ccc4c(c2C1)OCO4)OCO3,permuted,45,True,19,./mappings/CN1CCc2cc3c(cc2C(=O)Cc2ccc4c(c2C1)OCO4)OCO3.json
10541,./COc1cc2c(cc1OC)C(=O)Cc1ccc3c(c1CN(C)CC2)OCO3,permuted,50,True,68,./mappings/COc1cc2c(cc1OC)C(=O)Cc1ccc3c(c1CN(C)CC2)OCO3.json
10575,./CC1OC(OCC2OC(Oc3c(-c4ccc(O)cc4)oc4cc(O)cc(O)c4c3=O)C(O)C(O)C2O)C(O)C(O)C1O,permuted,72,True,82,./mappings/CC1OC(OCC2OC(Oc3c(-c4ccc(O)cc4)oc4cc(O)cc(O)c4c3=O)C(O)C(O)C2O)C(O)C(O)C1O.json
10579,./O=c1c(O[C@@H]2O[C@H](CO)[C@@H](O)[C@H](O)[C@H]2O)c(-c2ccc(O)c(O)c2)oc2cc(O)cc(O)c12,permuted,53,True,99,./mappings/O=c1c(O[C@@H]2O[C@H](CO)[C@@H](O)[C@H](O)[C@H]2O)c(-c2ccc(O)c(O)c2)oc2cc(O)cc(O)c12.json
10602,./C[C@H]1[C@H](C)CC[C@]2(C)CC[C@]3(C)C(=CC[C@@H]4[C@@]5(C)CC[C@@H](O)[C@](C)(C(=O)O)[C@@H]5CC[C@]43C)[C@H]12,permuted,81,True,23,./mappings/C[C@H]1[C@H](C)CC[C@]2(C)CC[C@]3(C)C(=CC[C@@H]4[C@@]5(C)CC[C@@H](O)[C@](C)(C(=O)O)[C@@H]5CC[C@]43C)[C@H]12.json
11200,./c1ccc(O)c(O)c1,pickle_missing,,False,0,
10669,./CC(C)(O)CC[C@@H](O)[C@](C)(O)[C@H]1CC[C@@]2(O)C3=CC(=O)[C@@H]4C[C@@H](O)[C@@H](O)C[C@]4(C)[C@H]3CC[C@]12C,permuted,78,True,351,./mappings/CC(C)(O)CC[C@@H](O)[C@](C)(O)[C@H]1CC[C@@]2(O)C3=CC(=O)[C@@H]4C[C@@H](O)[C@@H](O)C[C@]4(C)[C@H]3CC[C@]12C.json
10771,./COc1ccc(CC2c3cc(OC)c(OC)cc3CCN2C)cc1O,permuted,50,True,143,./mappings/COc1ccc(CC2c3cc(OC)c(OC)cc3CCN2C)cc1O.json
26989,./COc1ccc(CC2c3cc(OC)c(OC)cc3CCN2C)cc1O,permuted,50,True,143,./mappings/COc1ccc(CC2c3cc(OC)c(OC)cc3CCN2C)cc1O.json
10870,./CC1CCC2C(C)(C)C3CC12CCC3(C)O,permuted,42,True,6,./mappings/CC1CCC2C(C)(C)C3CC12CCC3(C)O.json
10871,./C[C@@H]1CC[C@H]2C(C)(C)[C@H]3C[C@]21CC[C@@]3(C)O,permuted,42,True,5,./mappings/C[C@@H]1CC[C@H]2C(C)(C)[C@H]3C[C@]21CC[C@@]3(C)O.json
10877,./C(=C\CO)CCCC(C)CCCC(C)CCCC(C)C,pickle_missing,,False,0,
11149,./COc1cc2c(cc1OC)C1C(=O)c3ccc4c(c3OC1CO2)C=CC(C)(C)O4,permuted,51,True,42,./mappings/COc1cc2c(cc1OC)C1C(=O)c3ccc4c(c3OC1CO2)C=CC(C)(C)O4.json
11204,./1C,pickle_missing,,False,0,
11228,./C[C@]12CC[C@@H]3c4ccc(O)cc4CC[C@H]3[C@@H]1CC[C@@H]2O,permuted,44,True,2,./mappings/C[C@]12CC[C@@H]3c4ccc(O)cc4CC[C@H]3[C@@H]1CC[C@@H]2O.json
24097,./C[C@]12CC[C@@H]3c4ccc(O)cc4CC[C@H]3[C@@H]1CC[C@@H]2O,permuted,44,True,2,./mappings/C[C@]12CC[C@@H]3c4ccc(O)cc4CC[C@H]3[C@@H]1CC[C@@H]2O.json
11248,./[C@@H]1CO[C@@H]1O[C@H](C)[C@@H](O)[C@@H](OC)[C@H]1OC,pickle_missing,,False,0,
2288,./[C@@H]1CO[C@@H]1O[C@H](C)[C@@H](O)[C@@H](OC)[C@H]1OC,pickle_missing,,False,0,
11272,./O=c1cc(-c2ccccc2)oc2ccccc12,permuted,27,True,1,./mappings/O=c1cc(-c2ccccc2)oc2ccccc12.json
11354,./O=c1cc(-c2ccccc2)oc2ccccc12,permuted,27,True,1,./mappings/O=c1cc(-c2ccccc2)oc2ccccc12.json
1468,./O=c1cc(-c2ccccc2)oc2ccccc12,permuted,27,True,1,./mappings/O=c1cc(-c2ccccc2)oc2ccccc12.json
11273,./O=c1cc(-c2ccccc2)oc2cc(O)ccc12,permuted,28,True,1,./mappings/O=c1cc(-c2ccccc2)oc2cc(O)ccc12.json
1470,./O=c1cc(-c2ccccc2)oc2cc(O)cc(O)c12,permuted,29,True,1,./mappings/O=c1cc(-c2ccccc2)oc2cc(O)cc(O)c12.json
11276,./Oc1cc(O)c2c(c1)O[C@H](c1ccc(O)c(O)c1)[C@@H](O)C2,permuted,35,True,90,./mappings/Oc1cc(O)c2c(c1)O[C@H](c1ccc(O)c(O)c1)[C@@H](O)C2.json
11277,./Oc1cc(O)c2c(c1)OC(c1cc(O)c(O)c(O)c1)C(O)C2,permuted,36,True,15,./mappings/Oc1cc(O)c2c(c1)OC(c1cc(O)c(O)c(O)c1)C(O)C2.json
11281,./Oc1cc(O)c2c(c1)OC(c1cc(O)c(O)c(O)c1)C(O)C2,permuted,36,True,15,./mappings/Oc1cc(O)c2c(c1)OC(c1cc(O)c(O)c(O)c1)C(O)C2.json
11282,./O=C(O[C@@H]1Cc2c(O)cc(O)cc2O[C@@H]1c1ccc(O)c(O)c1)c1cc(O)c(O)c(O)c1,permuted,50,True,37,./mappings/O=C(O[C@@H]1Cc2c(O)cc(O)cc2O[C@@H]1c1ccc(O)c(O)c1)c1cc(O)c(O)c(O)c1.json
11284,./Oc1ccc(C2Oc3cc(O)cc(O)c3CC2O)cc1,permuted,34,True,15,./mappings/Oc1ccc(C2Oc3cc(O)cc(O)c3CC2O)cc1.json
11304,./COc1ccc2oc3ccccc3c(=O)c2c1,permuted,27,True,2,./mappings/COc1ccc2oc3ccccc3c(=O)c2c1.json
11306,./Oc1cc(O)c2c(c1)OC(c1ccc(O)c(O)c1)C(O)C2,permuted,35,True,46,./mappings/Oc1cc(O)c2c(c1)OC(c1ccc(O)c(O)c1)C(O)C2.json
11761,./O=c1c(O)c(-c2ccc(O)cc2)oc2ccccc12,permuted,29,True,4,./mappings/O=c1c(O)c(-c2ccc(O)cc2)oc2ccccc12.json
1459,./COc1cc(-c2cc(=O)c3ccccc3o2)ccc1O,permuted,32,True,10,./mappings/COc1cc(-c2cc(=O)c3ccccc3o2)ccc1O.json
12270,./COC(=O)c1ccccc1-n1c(C)nc2ccccc2c1=O,permuted,36,True,4,./mappings/COC(=O)c1ccccc1-n1c(C)nc2ccccc2c1=O.json
13463,./C=C1C[C@@]2(O)O[C@@]3(C[C@H]2C(C)C)[C@@H](C)CC[C@@H]13,permuted,41,True,12,./mappings/C=C1C[C@@]2(O)O[C@@]3(C[C@H]2C(C)C)[C@@H](C)CC[C@@H]13.json
1429,./COC(=O)[C@@H]1C[C@H](OC(C)=O)C(=O)[C@H]2[C@@]1(C)CC[C@H]1C(=O)O[C@H](c3ccoc3)C[C@]21C,permuted,59,True,165,./mappings/COC(=O)[C@@H]1C[C@H](OC(C)=O)C(=O)[C@H]2[C@@]1(C)CC[C@H]1C(=O)O[C@H](c3ccoc3)C[C@]21C.json
1453,./COc1cc(O)c2c(=O)cc(-c3ccccc3)oc2c1,permuted,32,True,3,./mappings/COc1cc(O)c2c(=O)cc(-c3ccccc3)oc2c1.json
1460,./COc1cc(-c2cc(=O)c3c(O)cc(O)cc3o2)ccc1O,permuted,34,True,13,./mappings/COc1cc(-c2cc(=O)c3c(O)cc(O)cc3o2)ccc1O.json
1461,./COc1ccc(-c2cc(=O)c3cc(O)ccc3o2)cc1,permuted,32,True,4,./mappings/COc1ccc(-c2cc(=O)c3cc(O)ccc3o2)cc1.json
1463,./COc1ccc(-c2cc(=O)c3c(O)cc(O)cc3o2)cc1O,permuted,34,True,5,./mappings/COc1ccc(-c2cc(=O)c3c(O)cc(O)cc3o2)cc1O.json
1466,./O=C1c2c(O)cc(O)cc2O[C@H](c2cc(O)c(O)c(O)c2)[C@H]1O,permuted,35,True,18,./mappings/O=C1c2c(O)cc(O)cc2O[C@H](c2cc(O)c(O)c(O)c2)[C@H]1O.json
1471,./O=c1cc(-c2ccc(O)c(O)c2)oc2cc(O)cc(O)c12,permuted,31,True,2,./mappings/O=c1cc(-c2ccc(O)c(O)c2)oc2cc(O)cc(O)c12.json
1508,./COc1ccc(O)c2c(=O)c3c(OC)cc4c(c3oc12)C1C=COC1O4,permuted,40,True,6,./mappings/COc1ccc(O)c2c(=O)c3c(OC)cc4c(c3oc12)C1C=COC1O4.json
1518,./COc1ccc2cc3[n+](cc2c1OC)CCc1cc2c(cc1-3)OCO2,permuted,43,True,1,./mappings/COc1ccc2cc3[n+](cc2c1OC)CCc1cc2c(cc1-3)OCO2.json
1519,./CCOC(=O)C1=C(COCCN)NC(C)=C(C(=O)OC)C1c1ccccc1Cl,permuted,53,True,224,./mappings/CCOC(=O)C1=C(COCCN)NC(C)=C(C(=O)OC)C1c1ccccc1Cl.json
1564,./Nc1cc2nc3ccccc3oc-2cc1=O,permuted,24,True,1,./mappings/Nc1cc2nc3ccccc3oc-2cc1=O.json
8099,./Nc1cc2nc3ccccc3oc-2cc1=O,permuted,24,True,1,./mappings/Nc1cc2nc3ccccc3oc-2cc1=O.json
3441,./Nc1cc2nc3ccccc3oc-2cc1=O,permuted,24,True,1,./mappings/Nc1cc2nc3ccccc3oc-2cc1=O.json
5391,./c2ccc(O)cc2)c1O,pickle_missing,,False,0,
5743,./COc1cc(O)c(CC=C(C)C)c(O)c1C(=O)CCc1ccc(O)cc1,permuted,50,True,166,./mappings/COc1cc(O)c(CC=C(C)C)c(O)c1C(=O)CCc1ccc(O)cc1.json
6167,./O=C(O)C1C(O)CCC2CN3CCc4c([nH]c5ccccc45)C3CC21,permuted,49,True,11,./mappings/O=C(O)C1C(O)CCC2CN3CCc4c([nH]c5ccccc45)C3CC21.json
6221,./COC1=C[C@@H]2[C@@H]3Cc4ccc(OC)c(O)c4[C@]2(CCN3C)CC1=O,permuted,47,True,6,./mappings/COC1=C[C@@H]2[C@@H]3Cc4ccc(OC)c(O)c4[C@]2(CCN3C)CC1=O.json
6915,./COc1cc(CC2COC(=O)C2(O)Cc2ccc(O)c(OC)c2)ccc1O,permuted,49,True,100,./mappings/COc1cc(CC2COC(=O)C2(O)Cc2ccc(O)c(OC)c2)ccc1O.json
7095,./[C@@H]3CC[C@@H](O)[C@H](OC)C3)[C@H](C)[C@@H](O)CC1=O)[C@H](C)C[C@@H]2OC,pickle_missing,,False,0,
7160,./c2cc(OC)cc(=O)o2)cc1,pickle_missing,,False,0,
7179,./CC[C@@]1(C)O[C@H]21,pickle_missing,,False,0,
7811,./COc1cc(CCc2ccc3c(c2)OCO3)oc(=O)c1,permuted,34,True,34,./mappings/COc1cc(CCc2ccc3c(c2)OCO3)oc(=O)c1.json
7819,./COc1cc2c(c3oc(-c4ccccc4)cc(=O)c13)C=CC(C)(C)O2,permuted,43,True,8,./mappings/COc1cc2c(c3oc(-c4ccccc4)cc(=O)c13)C=CC(C)(C)O2.json
7970,./c3ccc(O)cc3)c2)[C@H](O)[C@@H](O)[C@@H]1O,pickle_missing,,False,0,
8264,./COc1ccc(-c2coc3cc(O)ccc3c2=O)cc1O,permuted,33,True,6,./mappings/COc1ccc(-c2coc3cc(O)ccc3c2=O)cc1O.json
8273,./NC(=O)c1c[nH]c2ccccc12,permuted,20,True,2,./mappings/NC(=O)c1c[nH]c2ccccc12.json
3153,./COc1cc(O)c2c(c1)OC(c1ccc(O)cc1)CC2=O,permuted,35,True,17,./mappings/COc1cc(O)c2c(c1)OC(c1ccc(O)cc1)CC2=O.json
3173,./COc1cc(C[C@H]2C(=O)OC[C@@H]2Cc2ccc(OC)c(OC)c2)ccc1O,permuted,51,True,270,./mappings/COc1cc(C[C@H]2C(=O)OC[C@@H]2Cc2ccc(OC)c(OC)c2)ccc1O.json
3225,./Cc1cc(O)c(Oc2cc(C)cc(O)c2O)c(O)c1,permuted,33,True,14,./mappings/Cc1cc(O)c(Oc2cc(C)cc(O)c2O)c(O)c1.json
15681,./Cc1cc(O)c(Oc2cc(C)cc(O)c2O)c(O)c1,permuted,33,True,14,./mappings/Cc1cc(O)c(Oc2cc(C)cc(O)c2O)c(O)c1.json
3842,./COc1cc([C@H]2Oc3cc([C@H]4Oc5cc(O)cc(O)c5C(=O)[C@@H]4O)ccc3O[C@@H]2CO)ccc1O,permuted,57,True,129,./mappings/COc1cc([C@H]2Oc3cc([C@H]4Oc5cc(O)cc(O)c5C(=O)[C@@H]4O)ccc3O[C@@H]2CO)ccc1O.json
3843,./COc1cc(C2Oc3cc(C4Oc5cc(O)cc(O)c5C(=O)C4O)ccc3OC2CO)ccc1O,permuted,57,True,279,./mappings/COc1cc(C2Oc3cc(C4Oc5cc(O)cc(O)c5C(=O)C4O)ccc3OC2CO)ccc1O.json
3844,./COc1cc([C@H]2Oc3ccc([C@H]4Oc5cc(O)cc(O)c5C(=O)[C@@H]4O)cc3O[C@@H]2CO)ccc1O,permuted,57,True,122,./mappings/COc1cc([C@H]2Oc3ccc([C@H]4Oc5cc(O)cc(O)c5C(=O)[C@@H]4O)cc3O[C@@H]2CO)ccc1O.json
833,./COC1=C(N)C(=O)c2nc(-c3nc(C(=O)O)c(C)c(-c4ccc(OC)c(OC)c4O)c3N)ccc2C1=O,permuted,59,True,11,./mappings/COC1=C(N)C(=O)c2nc(-c3nc(C(=O)O)c(C)c(-c4ccc(OC)c(OC)c4O)c3N)ccc2C1=O.json
67,./COC(=O)C1=COC(C)C2CN3CCc4c([nH]c5cc(OC)c(OC)cc45)C3CC12,permuted,58,True,47,./mappings/COC(=O)C1=COC(C)C2CN3CCc4c([nH]c5cc(OC)c(OC)cc45)C3CC12.json
20558,./O=c1c(O)c(-c2ccc(O)cc2)oc2cc(O)cc(O)c12,permuted,31,True,2,./mappings/O=c1c(O)c(-c2ccc(O)cc2)oc2cc(O)cc(O)c12.json
20926,./C(=O)O1,pickle_missing,,False,0,
21472,./Oc1cc(O)c2c(c1)OC(c1ccc(O)c(O)c1)C(O)C2,permuted,35,True,46,./mappings/Oc1cc(O)c2c(c1)OC(c1ccc(O)c(O)c1)C(O)C2.json
21853,./CC(=O)O[C@H]1C(=O)[C@]2(C)[C@@H](O)C[C@H]3OC[C@@]3(OC(C)=O)[C@H]2[C@H](OC(=O)c2ccccc2)[C@]2(O)C[C@H](OC(=O)[C@H](O)[C@@H](NC(=O)c3ccccc3)c3ccccc3)C(C)=C1C2(C)C,permuted,113,True,144,./mappings/CC(=O)O[C@H]1C(=O)[C@]2(C)[C@@H](O)C[C@H]3OC[C@@]3(OC(C)=O)[C@H]2[C@H](OC(=O)c2ccccc2)[C@]2(O)C[C@H](OC(=O)[C@H](O)[C@@H](NC(=O)c3ccccc3)c3ccccc3)C(C)=C1C2(C)C.json
23023,./CC(=O)O[C@@]12CO[C@@H]1C[C@H](O)[C@@]1(C)C(=O)[C@H](O)C3=C(C)[C@@H](O)C[C@@](O)([C@@H](OC(=O)c4ccccc4)[C@@H]12)C3(C)C,permuted,75,True,26,./mappings/CC(=O)O[C@@]12CO[C@@H]1C[C@H](O)[C@@]1(C)C(=O)[C@H](O)C3=C(C)[C@@H](O)C[C@@](O)([C@@H](OC(=O)c4ccccc4)[C@@H]12)C3(C)C.json
23128,./C=C(\C)CCC(=O)O)C(=O)OC2,pickle_missing,,False,0,
23456,./C[C@@H](C)OC(=O)C[C@H]1OC(C)=O,pickle_missing,,False,0,
23761,./COc1cccc2c1cc([N+](=O)[O-])c1c(C(=O)O)cc3c(c12)OCO3,permuted,36,True,6,./mappings/COc1cccc2c1cc([N+](=O)[O-])c1c(C(=O)O)cc3c(c12)OCO3.json
24098,./CC12CCC3c4ccc(O)cc4CCC3C1CCC2O,permuted,44,True,8,./mappings/CC12CCC3c4ccc(O)cc4CCC3C1CCC2O.json
24532,./Nc1ncnc2c1ncn2[C@@H]1O[C@H](C[C@@H](N)CC[C@H](N)C(=O)O)[C@@H](O)[C@H]1O,permuted,50,True,128,./mappings/Nc1ncnc2c1ncn2[C@@H]1O[C@H](C[C@@H](N)CC[C@H](N)C(=O)O)[C@@H](O)[C@H]1O.json
24664,./CC(C)[C@@H]1CC[C@@H](C)C[C@H]1O,permuted,31,True,15,./mappings/CC(C)[C@@H]1CC[C@@H](C)C[C@H]1O.json
25142,./Cc1nc2c(O)cccc2c(=O)[nH]1,permuted,21,True,2,./mappings/Cc1nc2c(O)cccc2c(=O)[nH]1.json
25517,./CC(C)c1c(O)ccc2c1CCC1C(C)(C)CCCC21C,permuted,51,True,19,./mappings/CC(C)c1c(O)ccc2c1CCC1C(C)(C)CCCC21C.json
25550,./CCC(C=CC(C)C1CCC2C3CCC4=CC(=O)CCC4(C)C3CCC12C)C(C)C,permuted,76,True,152,./mappings/CCC(C=CC(C)C1CCC2C3CCC4=CC(=O)CCC4(C)C3CCC12C)C(C)C.json
26940,./C)C(=O)OC(C)(C)[C@@H]1Cc2c(ccc3ccc(=O)oc23)O1,pickle_missing,,False,0,
27891,./CC(=O)c1ccc[nH]1,permuted,15,True,2,./mappings/CC(=O)c1ccc[nH]1.json
29861,./O=C(O)c1cccc2nc3ccccc3nc12,permuted,25,True,1,./mappings/O=C(O)c1cccc2nc3ccccc3nc12.json
30780,./Cc1ccc(C)nc1,permuted,17,True,2,./mappings/Cc1ccc(C)nc1.json
30788,./O=C1CCCCCCCCCCCCCCO1,permuted,45,True,1485,./mappings/O=C1CCCCCCCCCCCCCCO1.json
30800,./O=C(O)c1cccc(C(=O)O)n1,permuted,17,True,2,./mappings/O=C(O)c1cccc(C(=O)O)n1.json
30804,./CCn1cc(C(=O)O)c(=O)c2ccc(C)nc21,permuted,29,True,2,./mappings/CCn1cc(C(=O)O)c(=O)c2ccc(C)nc21.json
30809,./CC(C)(c1ccc(O)cc1)c1ccc(O)cc1,permuted,33,True,17,./mappings/CC(C)(c1ccc(O)cc1)c1ccc(O)cc1.json
30817,./CC1CCC(C(C)C)C(O)C1,atom_count_mismatch,25/31,False,1,
30834,./CC(C(=O)O)c1cccc(C(=O)c2ccccc2)c1,permuted,33,True,23,./mappings/CC(C(=O)O)c1cccc(C(=O)c2ccccc2)c1.json
30847,./CCOC(=O)CS(=O)(=O)c1ccccc1,permuted,27,True,28,./mappings/CCOC(=O)CS(=O)(=O)c1ccccc1.json
30852,./OCc1cccc(O)c1,permuted,17,True,10,./mappings/OCc1cccc(O)c1.json
30855,./Cc1cccnc1C,permuted,17,True,1,./mappings/Cc1cccnc1C.json
30856,./Cc1ccnc(C)c1,permuted,17,True,2,./mappings/Cc1ccnc(C)c1.json
30857,./Cc1ccccc1N,permuted,17,True,1,./mappings/Cc1ccccc1N.json
30858,./Cc1ccc(N)cc1,permuted,17,True,1,./mappings/Cc1ccc(N)cc1.json
30859,./CNc1ccccc1,permuted,17,True,1,./mappings/CNc1ccccc1.json
30881,./C#Cc1ccc(N)cc1,permuted,16,True,1,./mappings/C#Cc1ccc(N)cc1.json
30883,./CC(C)NCC(O)COc1ccc(CC(N)=O)cc1,permuted,41,True,1224,./mappings/CC(C)NCC(O)COc1ccc(CC(N)=O)cc1.json
30898,./CC(=O)N1CCCC1=O,permuted,18,True,1,./mappings/CC(=O)N1CCCC1=O.json
30940,./CCCOC(=O)CC#N,permuted,18,True,12,./mappings/CCCOC(=O)CC#N.json
30944,./CC(C)OC(=O)CC#N,permuted,18,True,3,./mappings/CC(C)OC(=O)CC#N.json
30947,./CC1=CCOC1=O,permuted,13,True,1,./mappings/CC1=CCOC1=O.json
30948,./Oc1cc(F)ccc1F,permuted,13,True,2,./mappings/Oc1cc(F)ccc1F.json
30960,./CCOC(=O)CCOC,permuted,21,True,166,./mappings/CCOC(=O)CCOC.json
30972,./CC(C)(C)OCCO,permuted,22,True,25,./mappings/CC(C)(C)OCCO.json
30981,./O[C@H]1CCOC1,permuted,14,True,6,./mappings/O[C@H]1CCOC1.json
30982,./CC1=Nc2ccc3ccccc3c2C1(C)C,permuted,31,True,2,./mappings/CC1=Nc2ccc3ccccc3c2C1(C)C.json
30991,./CC(C)(O)CCO,permuted,19,True,40,./mappings/CC(C)(O)CCO.json
30999,./Cc1cc(N)n[nH]1,permuted,14,True,1,./mappings/Cc1cc(N)n[nH]1.json
31009,./CN1CCCC1=O,permuted,16,True,1,./mappings/CN1CCCC1=O.json
31011,./c1cnc2n[nH]nc2c1,permuted,13,True,1,./mappings/c1cnc2n[nH]nc2c1.json
31062,./CC(C)(CO)C(O)C(=O)NCCCO,permuted,33,True,260,./mappings/CC(C)(CO)C(O)C(=O)NCCCO.json
31067,./CCNC(N)=O,permuted,14,True,7,./mappings/CCNC(N)=O.json
31071,./COc1ccccc1N,permuted,18,True,1,./mappings/COc1ccccc1N.json
31085,./NC(=O)c1cnccn1,permuted,14,True,1,./mappings/NC(=O)c1cnccn1.json
31086,./NC(=S)NC(=O)c1ccccc1,permuted,20,True,1,./mappings/NC(=S)NC(=O)c1ccccc1.json
31087,./O=C(O)c1cccc(C(=O)O)c1,permuted,18,True,3,./mappings/O=C(O)c1cccc(C(=O)O)c1.json
31094,./O=S(=O)(c1ccc(O)cc1)c1ccc(O)cc1,permuted,27,True,3,./mappings/O=S(=O)(c1ccc(O)cc1)c1ccc(O)cc1.json
31095,./CCC1(CC)C(=O)NC(=O)NC1=O,permuted,25,True,14,./mappings/CCC1(CC)C(=O)NC(=O)NC1=O.json
31096,./O=C1OC(c2ccc(O)cc2)(c2ccc(O)cc2)c2ccccc21,permuted,38,True,3,./mappings/O=C1OC(c2ccc(O)cc2)(c2ccc(O)cc2)c2ccccc21.json
31098,./Nc1nc(N)nc(-c2ccccc2)n1,permuted,23,True,1,./mappings/Nc1nc(N)nc(-c2ccccc2)n1.json
31106,./Nc1ccncc1,permuted,13,True,1,./mappings/Nc1ccncc1.json
31116,./Nc1ccc(C(=O)NCC(=O)O)cc1,permuted,24,True,5,./mappings/Nc1ccc(C(=O)NCC(=O)O)cc1.json
31130,./CC(=O)O[C@@H]1C[C@H](C)CC[C@H]1C(C)C,permuted,36,True,33,./mappings/CC(=O)O[C@@H]1C[C@H](C)CC[C@H]1C(C)C.json
31131,./CC#Cc1ccccc1,atom_count_mismatch,23/17,False,1,
31136,./Cc1cc(=O)[nH]c(N)n1,permuted,16,True,1,./mappings/Cc1cc(=O)[nH]c(N)n1.json
31140,./CC[C@@H](N)C(=O)O,permuted,16,True,19,./mappings/CC[C@@H](N)C(=O)O.json
31153,./O=C(O)CSc1nc2ccccc2s1,permuted,21,True,13,./mappings/O=C(O)CSc1nc2ccccc2s1.json
31161,./CC(=O)CCO,permuted,14,True,20,./mappings/CC(=O)CCO.json
31169,./C=CCNC(N)=S,permuted,15,True,13,./mappings/C=CCNC(N)=S.json
31175,./CN1CCOC1=O,atom_count_mismatch,12/14,False,1,
31178,./Cc1cccc(F)c1,permuted,15,True,1,./mappings/Cc1cccc(F)c1.json
31187,./CCCC(N)=O,permuted,15,True,11,./mappings/CCCC(N)=O.json
31196,./O=C1NCCCN1,permuted,15,True,1,./mappings/O=C1NCCCN1.json
31197,./NCC(O)CC(=O)O,permuted,17,True,188,./mappings/NCC(O)CC(=O)O.json
31205,./C=C(\C)CCC=C(C)C,pickle_missing,,False,0,
31206,./O=Cc1cccc(F)c1,permuted,14,True,2,./mappings/O=Cc1cccc(F)c1.json
31215,./CC(=O)OCCC(C)C,permuted,23,True,37,./mappings/CC(=O)OCCC(C)C.json
31218,./CC(=O)CC(C)C,permuted,19,True,8,./mappings/CC(=O)CC(C)C.json
31228,./CCC(=O)NC,permuted,15,True,8,./mappings/CCC(=O)NC.json
31232,./O=C(c1ccccc1)c1cccs1,permuted,21,True,2,./mappings/O=C(c1ccccc1)c1cccs1.json
31240,./O=C(c1ccccc1)c1ccncc1,permuted,23,True,2,./mappings/O=C(c1ccccc1)c1ccncc1.json
31243,./c1ccc(O)cc1)\c1ccc(O)cc1,pickle_missing,,False,0,
31244,./CN1C(=O)CSC1=S,permuted,13,True,1,./mappings/CN1C(=O)CSC1=S.json
31251,./Oc1ccc2ccccc2c1N=Nc1nccs1,permuted,27,True,6,./mappings/Oc1ccc2ccccc2c1N=Nc1nccs1.json
31271,./COc1ccc(Nc2ccccc2)c(C)c1,permuted,31,True,5,./mappings/COc1ccc(Nc2ccccc2)c(C)c1.json
31273,./C1CNCCNCCCNCCNC1,permuted,38,True,402,./mappings/C1CNCCNCCCNCCNC1.json
31281,./Cc1cc(F)ccc1O,permuted,16,True,2,./mappings/Cc1cc(F)ccc1O.json
31296,./Cc1cc(C)c(N)c(C(=O)O)c1,permuted,23,True,4,./mappings/Cc1cc(C)c(N)c(C(=O)O)c1.json
31308,./N#Cc1cccc(O)c1,permuted,14,True,1,./mappings/N#Cc1cccc(O)c1.json
31323,./CC1CCC(C)(C)CC1,permuted,27,True,4,./mappings/CC1CCC(C)(C)CC1.json
31330,./Oc1cc(F)cc(F)c1,permuted,13,True,1,./mappings/Oc1cc(F)cc(F)c1.json
31345,./c1ccc(Nc2nc(-c3ccccc3)nc3ccccc23)cc1,permuted,38,True,2,./mappings/c1ccc(Nc2nc(-c3ccccc3)nc3ccccc23)cc1.json
31368,./O=C(O)c1cnccn1,permuted,13,True,3,./mappings/O=C(O)c1cnccn1.json
31386,./NC(=O)c1ccccc1Br,permuted,16,True,3,./mappings/NC(=O)c1ccccc1Br.json
31400,./CCOC(=O)N1c2ccccc2C=CC1OCC,permuted,35,True,46,./mappings/CCOC(=O)N1c2ccccc2C=CC1OCC.json
31648,./CCOC(=O)N1c2ccccc2C=CC1OCC,permuted,35,True,46,./mappings/CCOC(=O)N1c2ccccc2C=CC1OCC.json
31403,./Cc1cc2nc(-c3ccccn3)c(-c3ccccn3)nc2cc1C,permuted,40,True,4,./mappings/Cc1cc2nc(-c3ccccn3)c(-c3ccccn3)nc2cc1C.json
31406,./O=C1NCCO1,permuted,11,True,1,./mappings/O=C1NCCO1.json
31407,./OCC(O)C1OC2OC(C(Cl)(Cl)Cl)OC2C1O,permuted,28,True,71,./mappings/OCC(O)C1OC2OC(C(Cl)(Cl)Cl)OC2C1O.json
31410,./CC1C(=O)CCCC1=O,permuted,19,True,7,./mappings/CC1C(=O)CCCC1=O.json
31411,./CN(C)c1ccc(C(=O)c2ccccc2)cc1,permuted,32,True,1,./mappings/CN(C)c1ccc(C(=O)c2ccccc2)cc1.json
31412,./COc1cc(OC)c2ccc(=O)oc2c1,permuted,25,True,2,./mappings/COc1cc(OC)c2ccc(=O)oc2c1.json
31421,./CCCCCCCCCCCCCCCCCCOCC(O)CO,permuted,68,True,1478,./mappings/CCCCCCCCCCCCCCCCCCOCC(O)CO.json
31425,./O=C(c1ccccc1)c1ccc2cc(O)ccc2c1,permuted,31,True,3,./mappings/O=C(c1ccccc1)c1ccc2cc(O)ccc2c1.json
31428,./Nc1cccc(CO)c1,permuted,18,True,8,./mappings/Nc1cccc(CO)c1.json
31463,./O=C1c2ccccc2C(=O)N1SC1CCCCC1,permuted,33,True,18,./mappings/O=C1c2ccccc2C(=O)N1SC1CCCCC1.json
31473,./NC(=O)NCCO,permuted,15,True,40,./mappings/NC(=O)NCCO.json
31495,./Nc1ncc(Br)cc1Br,permuted,13,True,1,./mappings/Nc1ncc(Br)cc1Br.json
31507,./O=c1[nH]c(=O)c2ccccc2[nH]1,permuted,18,True,1,./mappings/O=c1[nH]c(=O)c2ccccc2[nH]1.json
31510,./CC(=O)Oc1cc(C)c(OC(C)=O)c2ccccc12,permuted,33,True,44,./mappings/CC(=O)Oc1cc(C)c(OC(C)=O)c2ccccc12.json
31513,./Cc1[nH]cnc1CO,permuted,16,True,5,./mappings/Cc1[nH]cnc1CO.json
31585,./CC(=O)C1(c2ccccc2)CCNCC1,permuted,32,True,14,./mappings/CC(=O)C1(c2ccccc2)CCNCC1.json
31609,./CC(=O)Nc1ccc(-c2ccc(NC(C)=O)cc2)cc1,permuted,36,True,3,./mappings/CC(=O)Nc1ccc(-c2ccc(NC(C)=O)cc2)cc1.json
31610,./O=C(O)c1cc2ccccc2c(Cc2c(O)c(C(=O)O)cc3ccccc23)c1O,permuted,45,True,6,./mappings/O=C(O)c1cc2ccccc2c(Cc2c(O)c(C(=O)O)cc3ccccc23)c1O.json
31618,./NS(=O)(=O)c1cc(C(=O)O)c(NCc2ccco2)cc1Cl,permuted,32,True,16,./mappings/NS(=O)(=O)c1cc(C(=O)O)c(NCc2ccco2)cc1Cl.json
31626,./Cc1cc2nc(N)sc2cc1C,permuted,22,True,1,./mappings/Cc1cc2nc(N)sc2cc1C.json
31628,./CCOC(=O)c1cn[nH]c1N,permuted,20,True,5,./mappings/CCOC(=O)c1cn[nH]c1N.json
31634,./Nc1ccn[nH]1,permuted,11,True,1,./mappings/Nc1ccn[nH]1.json
31635,./O=C(O)c1ccccn1,permuted,14,True,2,./mappings/O=C(O)c1ccccn1.json
31653,./O=c1[nH]c(=O)n(C2CCCO2)cc1F,permuted,23,True,5,./mappings/O=c1[nH]c(=O)n(C2CCCO2)cc1F.json
31659,./NNC(=O)c1cc2ccccc2cc1O,permuted,25,True,6,./mappings/NNC(=O)c1cc2ccccc2cc1O.json
31661,./Cc1cc(O)ccc1O,permuted,17,True,6,./mappings/Cc1cc(O)ccc1O.json
31707,./C[C@@H](CO)CCO,permuted,19,True,235,./mappings/C[C@@H](CO)CCO.json
31726,./Oc1ccc(F)c(F)c1,permuted,13,True,1,./mappings/Oc1ccc(F)c(F)c1.json
31756,./CCN(CC)C(=O)c1cccc(C)c1,permuted,31,True,8,./mappings/CCN(CC)C(=O)c1cccc(C)c1.json
31763,./O=[N+]([O-])c1cc[nH]c1,permuted,12,True,1,./mappings/O=[N+]([O-])c1cc[nH]c1.json
31769,./Cc1c(N)cccc1O,permuted,18,True,2,./mappings/Cc1c(N)cccc1O.json
31784,./O=c1cc(O)cc[nH]1,permuted,13,True,1,./mappings/O=c1cc(O)cc[nH]1.json
31785,./Nc1nccc(=O)[nH]1,permuted,13,True,1,./mappings/Nc1nccc(=O)[nH]1.json
31790,./O=C1CCNC(=O)N1,permuted,14,True,1,./mappings/O=C1CCNC(=O)N1.json
31791,./O=C1NC(=O)C(c2ccccc2)(c2ccccc2)N1,permuted,31,True,1,./mappings/O=C1NC(=O)C(c2ccccc2)(c2ccccc2)N1.json
31804,./Cc1c(Cc2c(C)n(C)n(-c3ccccc3)c2=O)c(=O)n(-c2ccccc2)n1C,permuted,53,True,19,./mappings/Cc1c(Cc2c(C)n(C)n(-c3ccccc3)c2=O)c(=O)n(-c2ccccc2)n1C.json
31819,./O=C(O)C(O)Cc1c[nH]c2ccccc12,permuted,26,True,37,./mappings/O=C(O)C(O)Cc1c[nH]c2ccccc12.json
31839,./Oc1c(I)cc(I)c2cccnc12,permuted,18,True,1,./mappings/Oc1c(I)cc(I)c2cccnc12.json
31840,./CN1CC(=O)NC1=O,permuted,14,True,1,./mappings/CN1CC(=O)NC1=O.json
31841,./O=[N+]([O-])c1cc([As](=O)(O)O)ccc1O,pickle_missing,,False,0,
31845,./Cc1cc(C)nc(N)n1,permuted,18,True,2,./mappings/Cc1cc(C)nc(N)n1.json
31849,./CCCOCCC(C)=O,permuted,23,True,262,./mappings/CCCOCCC(C)=O.json
31851,./Nc1cc(F)ccc1F,permuted,14,True,1,./mappings/Nc1cc(F)ccc1F.json
31857,./Oc1ccccc1C=NCCCCCCN=Cc1ccccc1O,permuted,48,True,290,./mappings/Oc1ccccc1C=NCCCCCCN=Cc1ccccc1O.json
31865,./Cc1cc(C)nc(NS(=O)(=O)c2ccc(N)cc2)n1,permuted,33,True,294,./mappings/Cc1cc(C)nc(NS(=O)(=O)c2ccc(N)cc2)n1.json
31866,./c2ccc([N+](=O)[O-])o2)C(=O)N1,pickle_missing,,False,0,
31896,./CC(C(=O)O)c1ccc(-c2ccccc2)c(F)c1,permuted,31,True,94,./mappings/CC(C(=O)O)c1ccc(-c2ccccc2)c(F)c1.json
31899,./c1cc(SSc2ccncc2)ccn1,permuted,22,True,4,./mappings/c1cc(SSc2ccncc2)ccn1.json
31903,./c1ccc2c(c1)COC2,permuted,17,True,1,./mappings/c1ccc2c(c1)COC2.json
31922,./NC1(C(=O)O)CCCC1,permuted,20,True,10,./mappings/NC1(C(=O)O)CCCC1.json
31938,./CNC(C)(C)C(=O)O,permuted,19,True,5,./mappings/CNC(C)(C)C(=O)O.json
31957,./Cc1cc(N)n(-c2ccccc2)n1,permuted,24,True,2,./mappings/Cc1cc(N)n(-c2ccccc2)n1.json
31966,./Cc1ccco1,permuted,12,True,1,./mappings/Cc1ccco1.json
31968,./CCC(=O)CC,permuted,16,True,8,./mappings/CCC(=O)CC.json
31969,./COCCOC,permuted,16,True,20,./mappings/COCCOC.json
31970,./CC(C)C#N,permuted,12,True,1,./mappings/CC(C)C#N.json
32005,./O=C(O)c1ccc(OCc2ccccc2)cc1,permuted,29,True,11,./mappings/O=C(O)c1ccc(OCc2ccccc2)cc1.json
32007,./O=C(O)c1ccnc(Cl)c1,permuted,14,True,2,./mappings/O=C(O)c1ccnc(Cl)c1.json
32014,./OCc1nc[nH]c1CO,permuted,17,True,21,./mappings/OCc1nc[nH]c1CO.json
32017,./COC(=O)c1nc[nH]c1C(=O)OC,permuted,21,True,7,./mappings/COC(=O)c1nc[nH]c1C(=O)OC.json
32018,./Nc1ccc(Oc2cccc(Oc3ccc(N)cc3)c2)cc1,permuted,38,True,18,./mappings/Nc1ccc(Oc2cccc(Oc3ccc(N)cc3)c2)cc1.json
32023,./COc1cccc2cc(C(C)=O)oc12,permuted,24,True,4,./mappings/COc1cccc2cc(C(C)=O)oc12.json
32025,./O=C(O)C(Cc1ccccc1)N1C(=O)c2ccccc2C1=O,permuted,35,True,14,./mappings/O=C(O)C(Cc1ccccc1)N1C(=O)c2ccccc2C1=O.json
32031,./CCC(=O)c1ccc(-c2ccccc2)cc1,permuted,30,True,4,./mappings/CCC(=O)c1ccc(-c2ccccc2)cc1.json
32038,./CN(C)Cc1cc(C(C)(C)C)c(O)c(C(C)(C)C)c1,permuted,48,True,11,./mappings/CN(C)Cc1cc(C(C)(C)C)c(O)c(C(C)(C)C)c1.json
32040,./N#CCc1cccnc1,permuted,15,True,1,./mappings/N#CCc1cccnc1.json
32055,./Cc1c(F)cccc1F,permuted,15,True,1,./mappings/Cc1c(F)cccc1F.json
32056,./Cc1ccnc(C=O)c1,permuted,16,True,2,./mappings/Cc1ccnc(C=O)c1.json
32119,./CCOC(=O)c1cccc(C(=O)OCC)n1,permuted,29,True,41,./mappings/CCOC(=O)c1cccc(C(=O)OCC)n1.json
32136,./c1ccc(CNc2ncnc3nc[nH]c23)cc1,permuted,28,True,321,./mappings/c1ccc(CNc2ncnc3nc[nH]c23)cc1.json
32141,./COC(=O)c1cncc(O)c1,permuted,18,True,2,./mappings/COC(=O)c1cncc(O)c1.json
32156,./Nc1ccc(-c2ccc(N)cc2C(F)(F)F)c(C(F)(F)F)c1,permuted,32,True,1,./mappings/Nc1ccc(-c2ccc(N)cc2C(F)(F)F)c(C(F)(F)F)c1.json
32164,./Cc1ccc(F)cc1C,permuted,18,True,1,./mappings/Cc1ccc(F)cc1C.json
32176,./COc1ccccc1,atom_count_mismatch,22/16,False,1,
32182,./CCOC(=O)c1c(N)sc2c1CCCC2,permuted,30,True,7,./mappings/CCOC(=O)c1c(N)sc2c1CCCC2.json
32192,./Cc1cc(O)ccc1N,permuted,18,True,1,./mappings/Cc1cc(O)ccc1N.json
32204,./COC(=O)c1ccco1,permuted,15,True,3,./mappings/COC(=O)c1ccco1.json
32206,./CC(=O)N1CCOCC1,permuted,20,True,5,./mappings/CC(=O)N1CCOCC1.json
32210,./Nc1cccc2c(=O)[nH][nH]c(=O)c12,permuted,20,True,1,./mappings/Nc1cccc2c(=O)[nH][nH]c(=O)c12.json
32211,./O=C(O)COc1cccc2ccccc12,permuted,25,True,13,./mappings/O=C(O)COc1cccc2ccccc12.json
32221,./c1ccc2[nH]ncc2c1,permuted,15,True,1,./mappings/c1ccc2[nH]ncc2c1.json
32228,./N#CCS(=O)(=O)c1ccccc1,permuted,19,True,5,./mappings/N#CCS(=O)(=O)c1ccccc1.json
32239,./c1ccc(-c2nc[nH]c2-c2ccccc2)cc1,permuted,29,True,2,./mappings/c1ccc(-c2nc[nH]c2-c2ccccc2)cc1.json
32276,./O=C1c2ccccc2C(=O)c2c([N+](=O)[O-])ccc(O)c21,permuted,27,True,1,./mappings/O=C1c2ccccc2C(=O)c2c([N+](=O)[O-])ccc(O)c21.json
32277,./Oc1ccccc1C=NCCN=Cc1ccccc1O,permuted,36,True,13,./mappings/Oc1ccccc1C=NCCN=Cc1ccccc1O.json
32282,./Nc1ccc(N=Nc2ccccc2)cc1,permuted,26,True,2,./mappings/Nc1ccc(N=Nc2ccccc2)cc1.json
32287,./Oc1ccc(N=Nc2nccs2)c(O)c1,permuted,22,True,4,./mappings/Oc1ccc(N=Nc2nccs2)c(O)c1.json
32292,./Cc1cc(C)[nH]c(=O)n1,permuted,17,True,3,./mappings/Cc1cc(C)[nH]c(=O)n1.json
32314,./CCC(O)(CC)C(C)C,permuted,27,True,71,./mappings/CCC(O)(CC)C(C)C.json
32350,./CCCCCCC#N,permuted,21,True,68,./mappings/CCCCCCC#N.json
32356,./CC(C)C(C)(O)C(C)C,permuted,27,True,21,./mappings/CC(C)C(C)(O)C(C)C.json
32379,./OCCSCCO,permuted,17,True,231,./mappings/OCCSCCO.json
32384,./OCCCCO,permuted,16,True,93,./mappings/OCCCCO.json
32393,./O=C(O)CN(CCN(CC(=O)O)CC(=O)O)CCN(CC(=O)O)CC(=O)O,permuted,50,True,133,./mappings/O=C(O)CN(CCN(CC(=O)O)CC(=O)O)CCN(CC(=O)O)CC(=O)O.json
32395,./Nc1ccccc1O,permuted,15,True,1,./mappings/Nc1ccccc1O.json
32396,./Nc1cccc(O)c1,permuted,15,True,2,./mappings/Nc1cccc(O)c1.json
32399,./Nc1ccc(O)cc1,permuted,15,True,1,./mappings/Nc1ccc(O)cc1.json
32400,./NS(=O)(=O)c1ccccc1,permuted,17,True,1,./mappings/NS(=O)(=O)c1ccccc1.json
32404,./CC(C)CCOC=O,permuted,20,True,20,./mappings/CC(C)CCOC=O.json
32407,./CCCC#CCO,permuted,17,True,99,./mappings/CCCC#CCO.json
32411,./O=[N+]([O-])c1ccc(O)cc1,permuted,15,True,1,./mappings/O=[N+]([O-])c1ccc(O)cc1.json
32412,./Nc1ccccc1N,permuted,16,True,2,./mappings/Nc1ccccc1N.json
32414,./Nc1cccc(N)c1,permuted,16,True,1,./mappings/Nc1cccc(N)c1.json
32417,./CC)c1ccc(O)cc1)c1ccc(O)cc1,pickle_missing,,False,0,
32421,./CCC(c1ccc(O)cc1)C(CC)c1ccc(O)cc1,permuted,42,True,16,./mappings/CCC(c1ccc(O)cc1)C(CC)c1ccc(O)cc1.json
32437,./CCOC(=O)c1cc(O)c(O)c(O)c1,permuted,24,True,4,./mappings/CCOC(=O)c1cc(O)c(O)c(O)c1.json
32442,./NC(=O)NCc1ccccc1,permuted,21,True,15,./mappings/NC(=O)NCc1ccccc1.json
32460,./c1ccccc1[N+](=O)[O-],pickle_missing,,False,0,
32461,./O=C(O)CN(CCN(CC(=O)O)CC(=O)O)CC(=O)O,permuted,36,True,109,./mappings/O=C(O)CN(CCN(CC(=O)O)CC(=O)O)CC(=O)O.json
32467,./O=C(Nc1ccc(Br)cc1)c1cc(Br)cc(Br)c1O,permuted,27,True,4,./mappings/O=C(Nc1ccc(Br)cc1)c1cc(Br)cc(Br)c1O.json
32472,./Oc1cccc2cccnc12,permuted,18,True,1,./mappings/Oc1cccc2cccnc12.json
35374,./Oc1cccc2cccnc12,permuted,18,True,1,./mappings/Oc1cccc2cccnc12.json
32495,./O=[N+]([O-])c1ccc(N=Nc2ccc(O)cc2O)cc1,permuted,28,True,3,./mappings/O=[N+]([O-])c1ccc(N=Nc2ccc(O)cc2O)cc1.json
32507,./c1cnc[nH]1,pickle_missing,,False,0,
32518,./Nc1ccc(S(=O)(=O)Nc2ccccn2)cc1,permuted,28,True,280,./mappings/Nc1ccc(S(=O)(=O)Nc2ccccn2)cc1.json
32519,./O=C(O)CCn1c(=O)n(CCC(=O)O)c(=O)n(CCC(=O)O)c1=O,permuted,39,True,78,./mappings/O=C(O)CCn1c(=O)n(CCC(=O)O)c(=O)n(CCC(=O)O)c1=O.json
32531,./Nc1ccc(S(=O)(=O)c2ccc(N)cc2)cc1,permuted,29,True,40,./mappings/Nc1ccc(S(=O)(=O)c2ccc(N)cc2)cc1.json
32536,./CCOc1ccc(NC(=O)CC(C)O)cc1,permuted,33,True,126,./mappings/CCOc1ccc(NC(=O)CC(C)O)cc1.json
32539,./Nc1ccc(-c2ccc(N)c([N+](=O)[O-])c2)cc1[N+](=O)[O-],permuted,30,True,2,./mappings/Nc1ccc(-c2ccc(N)c([N+](=O)[O-])c2)cc1[N+](=O)[O-].json
32550,./O=C(Nc1ccc([N+](=O)[O-])cc1)c1ccccc1,permuted,28,True,3,./mappings/O=C(Nc1ccc([N+](=O)[O-])cc1)c1ccccc1.json
32586,./COc1ccc(O)c(C(C)(C)C)c1,permuted,29,True,32,./mappings/COc1ccc(O)c(C(C)(C)C)c1.json
32589,./COC(=O)c1cc(OC)c(OC)c(OC)c1,permuted,30,True,13,./mappings/COC(=O)c1cc(OC)c(OC)c(OC)c1.json
32594,./O=c1cc[nH]c(=S)[nH]1,permuted,12,True,1,./mappings/O=c1cc[nH]c(=S)[nH]1.json
32613,./Cc1nnc(N)nc1C,permuted,17,True,1,./mappings/Cc1nnc(N)nc1C.json
32626,./Nc1ccc(Nc2ccccc2)cc1,permuted,26,True,1,./mappings/Nc1ccc(Nc2ccccc2)cc1.json
32630,./CC1=C(C)CCC1,permuted,19,True,1,./mappings/CC1=C(C)CCC1.json
32644,./O=CNC(Cc1ccccc1)C(=O)O,permuted,25,True,19,./mappings/O=CNC(Cc1ccccc1)C(=O)O.json
32650,./Nc1nc2ccccc2[nH]1,permuted,17,True,1,./mappings/Nc1nc2ccccc2[nH]1.json
32669,./O=c1c2ccccc2sc2ccc(Cl)cc12,permuted,23,True,1,./mappings/O=c1c2ccccc2sc2ccc(Cl)cc12.json
32672,./Cc1cccc(F)c1C,permuted,18,True,1,./mappings/Cc1cccc(F)c1C.json
32683,./c1ccc(N2CCOCCOCCOCCOCC2)cc1,permuted,46,True,952,./mappings/c1ccc(N2CCOCCOCCOCCOCC2)cc1.json
32721,./Nc1nc2c(Cl)cccc2s1,permuted,16,True,1,./mappings/Nc1nc2c(Cl)cccc2s1.json
32733,./c1ccc2sc(SNC3CCCCC3)nc2c1,permuted,33,True,37,./mappings/c1ccc2sc(SNC3CCCCC3)nc2c1.json
32770,./O=C(O)c1cc(OCc2ccccc2)cc(OCc2ccccc2)c1,permuted,43,True,54,./mappings/O=C(O)c1cc(OCc2ccccc2)cc(OCc2ccccc2)c1.json
32772,./OCCN(CCO)c1nc(N2CCCCC2)c2nc(N(CCO)CCO)nc(N3CCCCC3)c2n1,permuted,76,True,106,./mappings/OCCN(CCO)c1nc(N2CCCCC2)c2nc(N(CCO)CCO)nc(N3CCCCC3)c2n1.json
32776,./O=C(O)CNC(=O)c1ccccc1I,permuted,22,True,84,./mappings/O=C(O)CNC(=O)c1ccccc1I.json
32798,./c1ccc(-c2nc3ccccc3[nH]2)cc1,permuted,25,True,1,./mappings/c1ccc(-c2nc3ccccc3[nH]2)cc1.json
32822,./Nc1ccc(C2(c3ccc(N)cc3)c3ccccc3-c3ccccc32)cc1,permuted,47,True,2,./mappings/Nc1ccc(C2(c3ccc(N)cc3)c3ccccc3-c3ccccc32)cc1.json
32824,./CC(CO)CO,permuted,16,True,40,./mappings/CC(CO)CO.json
32841,./CC1(C)CC(=O)CC(C)(C)N1,permuted,28,True,16,./mappings/CC1(C)CC(=O)CC(C)(C)N1.json
32851,./c1cc(-c2cccs2)nc(-c2cccs2)c1,permuted,25,True,3,./mappings/c1cc(-c2cccs2)nc(-c2cccs2)c1.json
32866,./CCC(=O)CC(=O)OC,permuted,19,True,33,./mappings/CCC(=O)CC(=O)OC.json
32867,./CCc1ccco1,permuted,15,True,2,./mappings/CCc1ccco1.json
32870,./CCOC(=O)CC,permuted,17,True,82,./mappings/CCOC(=O)CC.json
32899,./NCCc1c[nH]c2ccc(OCc3ccccc3)cc12,permuted,38,True,115,./mappings/NCCc1c[nH]c2ccc(OCc3ccccc3)cc12.json
32902,./O=C(c1ccc(O)cc1)c1ccc(Cl)cc1,permuted,25,True,5,./mappings/O=C(c1ccc(O)cc1)c1ccc(Cl)cc1.json
32944,./CCCCC(O)c1ccccc1,permuted,28,True,106,./mappings/CCCCC(O)c1ccccc1.json
32949,./O=C(O)C1CCC1,permuted,15,True,2,./mappings/O=C(O)C1CCC1.json
32954,./COC(=O)CC(C)=O,permuted,16,True,7,./mappings/COC(=O)CC(C)=O.json
32957,./C[C@H]1CCC[C@@H](C)C1,permuted,24,True,3,./mappings/C[C@H]1CCC[C@@H](C)C1.json
32966,./O=C(O)c1cc(Cl)c2ccccc2c1O,permuted,22,True,2,./mappings/O=C(O)c1cc(Cl)c2ccccc2c1O.json
32968,./CCC1CCC(=O)CC1,permuted,23,True,14,./mappings/CCC1CCC(=O)CC1.json
32970,./Cn1cccc1CC#N,permuted,17,True,3,./mappings/Cn1cccc1CC#N.json
33014,./O=[N+]([O-])c1cc2cccnc2c2ncccc12,permuted,24,True,1,./mappings/O=[N+]([O-])c1cc2cccnc2c2ncccc12.json
33033,./COc1cnc(NS(=O)(=O)c2ccc(N)cc2)nc1,permuted,31,True,6,./mappings/COc1cnc(NS(=O)(=O)c2ccc(N)cc2)nc1.json
33040,./NCCc1ccc(S(N)(=O)=O)cc1,permuted,25,True,16,./mappings/NCCc1ccc(S(N)(=O)=O)cc1.json
33051,./O=c1oc2cc(O)ccc2s1,permuted,15,True,1,./mappings/O=c1oc2cc(O)ccc2s1.json
33052,./O=c1[nH]c2cc(Cl)ccc2o1,permuted,15,True,1,./mappings/O=c1[nH]c2cc(Cl)ccc2o1.json
33069,./O=C1C(Cc2ccccc2)NC(=S)N1c1ccccc1,permuted,34,True,10,./mappings/O=C1C(Cc2ccccc2)NC(=S)N1c1ccccc1.json
33071,./O=C1C(Cc2ccc(O)cc2)NC(=S)N1c1ccccc1,atom_count_mismatch,41/35,False,1,
33078,./O=C(O)C(Cc1ccccc1)Nc1ccc([N+](=O)[O-])cc1[N+](=O)[O-],permuted,37,True,28,./mappings/O=C(O)C(Cc1ccccc1)Nc1ccc([N+](=O)[O-])cc1[N+](=O)[O-].json
33079,./NC(=O)CC(NC(=O)OCc1ccccc1)C(=O)O,permuted,33,True,141,./mappings/NC(=O)CC(NC(=O)OCc1ccccc1)C(=O)O.json
33082,./Cc1ccc(C)c(C)c1,permuted,21,True,2,./mappings/Cc1ccc(C)c(C)c1.json
33088,./CC1CCCC1,permuted,18,True,5,./mappings/CC1CCCC1.json
33090,./COC(=O)c1cc(OC)c(OC)c(OC)c1N,permuted,32,True,20,./mappings/COC(=O)c1cc(OC)c(OC)c(OC)c1N.json
33091,./CCOC(=O)Cc1csc(N)n1,permuted,22,True,89,./mappings/CCOC(=O)Cc1csc(N)n1.json
33112,./CCC1SC2=NCCN2C1(O)c1ccc(Cl)cc1,permuted,33,True,18,./mappings/CCC1SC2=NCCN2C1(O)c1ccc(Cl)cc1.json
33123,./Nc1ccc(Cl)cc1C(=O)c1ccccc1Cl,permuted,26,True,2,./mappings/Nc1ccc(Cl)cc1C(=O)c1ccccc1Cl.json
33142,./Nc1ccccc1-n1cccc1,permuted,22,True,1,./mappings/Nc1ccccc1-n1cccc1.json
33143,./COC(=O)c1ccc(C(=O)OC)c(N)c1,permuted,26,True,8,./mappings/COC(=O)c1ccc(C(=O)OC)c(N)c1.json
33146,./C1=CCOC1,permuted,11,True,1,./mappings/C1=CCOC1.json
33149,./CCC(C=O)CC,permuted,19,True,17,./mappings/CCC(C=O)CC.json
33165,./Cc1cc(C)c(O)c(N)c1,permuted,21,True,3,./mappings/Cc1cc(C)c(O)c(N)c1.json
33172,./CC(C)(C)c1ccc(O)c(N)c1,permuted,27,True,4,./mappings/CC(C)(C)c1ccc(O)c(N)c1.json
33173,./CC(Cc1ccc(O)c(O)c1)C(C)Cc1ccc(O)c(O)c1,permuted,44,True,111,./mappings/CC(Cc1ccc(O)c(O)c1)C(C)Cc1ccc(O)c(O)c1.json
33191,./Brc1cncnc1,permuted,10,True,1,./mappings/Brc1cncnc1.json
33212,./Nc1cccc(S(=O)(=O)c2cccc(N)c2)c1,permuted,29,True,8,./mappings/Nc1cccc(S(=O)(=O)c2cccc(N)c2)c1.json
33245,./O=Cc1ccc(O)c(O)c1,permuted,16,True,6,./mappings/O=Cc1ccc(O)c(O)c1.json
33248,./OCc1ccc(O)cc1,permuted,17,True,4,./mappings/OCc1ccc(O)cc1.json
33261,./N#Cc1ccc(O)cc1,permuted,14,True,1,./mappings/N#Cc1ccc(O)cc1.json
33263,./S=c1[nH]c2ccccc2o1,permuted,15,True,1,./mappings/S=c1[nH]c2ccccc2o1.json
33267,./Oc1ccc(Cl)c2cccnc12,permuted,18,True,1,./mappings/Oc1ccc(Cl)c2cccnc12.json
33283,./O=C(O)c1ccnc(C(=O)O)c1,permuted,17,True,2,./mappings/O=C(O)c1ccnc(C(=O)O)c1.json
33284,./O=[N+]([O-])c1ccc2cn[nH]c2c1,permuted,17,True,1,./mappings/O=[N+]([O-])c1ccc2cn[nH]c2c1.json
33288,./O=c1[nH]c2ccccc2[nH]c1=O,permuted,18,True,1,./mappings/O=c1[nH]c2ccccc2[nH]c1=O.json
33296,./O=C(O)CCC(=O)C(=O)O,permuted,16,True,11,./mappings/O=C(O)CCC(=O)C(=O)O.json
33299,./CCCCCCCCCCC(C(=O)O)C1(C(=O)O)CCC(=O)O1,permuted,51,True,2092,./mappings/CCCCCCCCCCC(C(=O)O)C1(C(=O)O)CCC(=O)O1.json
33314,./Cc1ccccc1C=O,permuted,17,True,2,./mappings/Cc1ccccc1C=O.json
33329,./CC(=O)Nc1c(I)cc(I)c(C(=O)O)c1I,permuted,22,True,11,./mappings/CC(=O)Nc1c(I)cc(I)c(C(=O)O)c1I.json
33338,./CCC(=O)c1c(O)cc(O)cc1O,permuted,23,True,10,./mappings/CCC(=O)c1c(O)cc(O)cc1O.json
33340,./CCOC(=O)c1ccc(C(=O)OCC)nc1,permuted,29,True,39,./mappings/CCOC(=O)c1ccc(C(=O)OCC)nc1.json
33348,./CCN(CC)c1ccc(C(=O)c2ccccc2C(=O)O)c(O)c1,permuted,42,True,20,./mappings/CCN(CC)c1ccc(C(=O)c2ccccc2C(=O)O)c(O)c1.json
33361,./Cn1cccn1,permuted,12,True,2,./mappings/Cn1cccn1.json
33367,./COc1cc(OC)c(Cl)cc1N,permuted,22,True,5,./mappings/COc1cc(OC)c(Cl)cc1N.json
33384,./Nc1ccc(Oc2ccc(Cl)cc2)cc1,permuted,25,True,1,./mappings/Nc1ccc(Oc2ccc(Cl)cc2)cc1.json
33404,./Cc1ccc(N)c(O)c1,permuted,18,True,3,./mappings/Cc1ccc(N)c(O)c1.json
33419,./O=c1c(-c2ccccc2)c1-c1ccccc1,permuted,26,True,2,./mappings/O=c1c(-c2ccccc2)c1-c1ccccc1.json
33433,./Nc1ccccc1C(=O)c1ccccc1,permuted,26,True,2,./mappings/Nc1ccccc1C(=O)c1ccccc1.json
34283,./Nc1ccccc1C(=O)c1ccccc1,permuted,26,True,2,./mappings/Nc1ccccc1C(=O)c1ccccc1.json
33439,./CCCCCCCC#N,permuted,24,True,255,./mappings/CCCCCCCC#N.json
33478,./Cn1cc[nH]c1=S,permuted,13,True,2,./mappings/Cn1cc[nH]c1=S.json
33494,./Oc1cccc(F)c1O,permuted,14,True,2,./mappings/Oc1cccc(F)c1O.json
33499,./N#Cc1cccc(N)c1,permuted,15,True,1,./mappings/N#Cc1cccc(N)c1.json
33500,./COc1ccc(C(=O)c2ccccc2O)c(O)c1,permuted,30,True,14,./mappings/COc1ccc(C(=O)c2ccccc2O)c(O)c1.json
33523,./CC(=O)Oc1ccc2c(c1)Oc1cc(OC(C)=O)ccc1C21OC(=O)c2ccccc21,permuted,47,True,15,./mappings/CC(=O)Oc1ccc2c(c1)Oc1cc(OC(C)=O)ccc1C21OC(=O)c2ccccc21.json
33549,./Nc1nc2ccc(Cl)cc2s1,permuted,16,True,1,./mappings/Nc1nc2ccc(Cl)cc2s1.json
33550,./Cc1c(C)c2c(c(C)c1O)CCC(C)(C(=O)O)O2,permuted,36,True,17,./mappings/Cc1c(C)c2c(c(C)c1O)CCC(C)(C(=O)O)O2.json
33590,./CC(O)CO,permuted,13,True,26,./mappings/CC(O)CO.json
33600,./CC(C)(C)C(=O)CC#N,permuted,20,True,4,./mappings/CC(C)(C)C(=O)CC#N.json
33625,./O=c1cc(O)nc[nH]1,permuted,12,True,2,./mappings/O=c1cc(O)nc[nH]1.json
33627,./O=C(O)Cc1ccc(-c2ccccc2)cc1,permuted,28,True,3,./mappings/O=C(O)Cc1ccc(-c2ccccc2)cc1.json
33635,./NS(=O)(=O)c1ccc(C(=O)O)cc1,permuted,20,True,5,./mappings/NS(=O)(=O)c1ccc(C(=O)O)cc1.json
33639,./Cc1cccc(C)c1,permuted,18,True,1,./mappings/Cc1cccc(C)c1.json
33643,./C(=C\c1ccc(O)cc1)C(=O)O,pickle_missing,,False,0,
33651,./Nc1ncccc1O,permuted,14,True,2,./mappings/Nc1ncccc1O.json
33711,./CCCCC(CC)COC(=O)c1ccccc1O,permuted,40,True,730,./mappings/CCCCC(CC)COC(=O)c1ccccc1O.json
33721,./Oc1c(F)cccc1F,permuted,13,True,1,./mappings/Oc1c(F)cccc1F.json
33753,./S=c1[nH]c2cc(Cl)ccc2s1,permuted,15,True,1,./mappings/S=c1[nH]c2cc(Cl)ccc2s1.json
33774,./CC(C)Oc1ccc(C(=O)O)cc1,permuted,25,True,6,./mappings/CC(C)Oc1ccc(C(=O)O)cc1.json
33782,./OCCC1CCCC1,permuted,22,True,62,./mappings/OCCC1CCCC1.json
33784,./OCC1CCCCC1,atom_count_mismatch,16/22,False,1,
33785,./CC1=CC[C@H]2C[C@@H]1C2(C)C,permuted,26,True,1,./mappings/CC1=CC[C@H]2C[C@@H]1C2(C)C.json
33790,./O=Cc1cccc(O)c1,permuted,15,True,4,./mappings/O=Cc1cccc(O)c1.json
33794,./Nc1cccc(F)c1,permuted,14,True,1,./mappings/Nc1cccc(F)c1.json
33798,./Cc1cc(=O)[nH]c(C)n1,permuted,17,True,3,./mappings/Cc1cc(=O)[nH]c(C)n1.json
33811,./Cc1nnc(NS(=O)(=O)c2ccc(N)cc2)s1,permuted,27,True,5,./mappings/Cc1nnc(NS(=O)(=O)c2ccc(N)cc2)s1.json
33812,./Cc1cc(NS(=O)(=O)c2ccc(N)cc2)nc(C)n1,permuted,33,True,571,./mappings/Cc1cc(NS(=O)(=O)c2ccc(N)cc2)nc(C)n1.json
33815,./COc1cc(NS(=O)(=O)c2ccc(N)cc2)nc(OC)n1,permuted,35,True,655,./mappings/COc1cc(NS(=O)(=O)c2ccc(N)cc2)nc(OC)n1.json
33816,./Cc1ccccc1C(=O)O,permuted,18,True,3,./mappings/Cc1ccccc1C(=O)O.json
33855,./CC(=O)NC1CCSC1=O,permuted,19,True,32,./mappings/CC(=O)NC1CCSC1=O.json
33860,./Cc1c(N)c(=O)n(-c2ccccc2)n1C,permuted,28,True,4,./mappings/Cc1c(N)c(=O)n(-c2ccccc2)n1C.json
33890,./Cc1nc(C)c(C)o1,permuted,17,True,3,./mappings/Cc1nc(C)c(C)o1.json
33893,./CC1(CO)CC1,permuted,16,True,5,./mappings/CC1(CO)CC1.json
33897,./c1ccc2c(c1)OCCOCCOCCO2,permuted,32,True,108,./mappings/c1ccc2c(c1)OCCOCCOCCO2.json
33908,./CCOC(=O)c1cc2c(cn1)[nH]c1ccccc12,permuted,30,True,9,./mappings/CCOC(=O)c1cc2c(cn1)[nH]c1ccccc12.json
33921,./COc1cccc2[nH]ccc12,permuted,20,True,3,./mappings/COc1cccc2[nH]ccc12.json
33940,./CCC1(c2ccccc2)C(=O)NC(=O)NC1=O,permuted,29,True,54,./mappings/CCC1(c2ccccc2)C(=O)NC(=O)NC1=O.json
33942,./CN(C)c1ccccn1,permuted,19,True,1,./mappings/CN(C)c1ccccn1.json
33952,./CC(C)(O)CC(C)(C)O,permuted,25,True,39,./mappings/CC(C)(O)CC(C)(C)O.json
33953,./Cc1c(C(C)C)c(=O)n(-c2ccccc2)n1C,permuted,35,True,2,./mappings/Cc1c(C(C)C)c(=O)n(-c2ccccc2)n1C.json
33954,./CC(=O)c1ccc(S(=O)(=O)NC(=O)NC2CCCCC2)cc1,permuted,42,True,39,./mappings/CC(=O)c1ccc(S(=O)(=O)NC(=O)NC2CCCCC2)cc1.json
33955,./C=CCC(C(=O)NC(N)=O)C(C)C,permuted,29,True,529,./mappings/C=CCC(C(=O)NC(N)=O)C(C)C.json
33957,./COc1cc(Cc2cnc(N)nc2N)cc(OC)c1OC,permuted,39,True,40,./mappings/COc1cc(Cc2cnc(N)nc2N)cc(OC)c1OC.json
33964,./Cc1ncc([N+](=O)[O-])n1CCO,permuted,21,True,10,./mappings/Cc1ncc([N+](=O)[O-])n1CCO.json
33968,./CC(C)CC=O,permuted,16,True,6,./mappings/CC(C)CC=O.json
33970,./CCOC(=O)c1ccoc1,permuted,18,True,4,./mappings/CCOC(=O)c1ccoc1.json
33973,./OC1CCCCCC1,permuted,22,True,25,./mappings/OC1CCCCCC1.json
33976,./OC1CCCCCCC1,permuted,25,True,59,./mappings/OC1CCCCCCC1.json
33991,./CCC#CCC,permuted,16,True,65,./mappings/CCC#CCC.json
34025,./CC(C)(C=O)CCC#N,permuted,20,True,14,./mappings/CC(C)(C=O)CCC#N.json
34033,./CC1(C)CCOCO1,permuted,20,True,5,./mappings/CC1(C)CCOCO1.json
34060,./Cc1ccc(O)cn1,permuted,15,True,2,./mappings/Cc1ccc(O)cn1.json
34063,./CC(C)CC(C)(C)O,permuted,24,True,28,./mappings/CC(C)CC(C)(C)O.json
34073,./c1cnc2[nH]ccc2c1,permuted,15,True,1,./mappings/c1cnc2[nH]ccc2c1.json
34108,./COc1ccc2cc([C@H](C)C(=O)O)ccc2c1,permuted,31,True,10,./mappings/COc1ccc2cc([C@H](C)C(=O)O)ccc2c1.json
34110,./c1ccc(OC(C)=O)c(OC)c1,pickle_missing,,False,0,
34111,./CN1C(=O)CCS(=O)(=O)C1c1ccc(Cl)cc1,permuted,29,True,39,./mappings/CN1C(=O)CCS(=O)(=O)C1c1ccc(Cl)cc1.json
34113,./CC(C)Cc1ccc(C(C)C(=O)O)cc1,permuted,33,True,12,./mappings/CC(C)Cc1ccc(C(C)C(=O)O)cc1.json
34133,./CCCNC(=O)NS(=O)(=O)c1ccc(Cl)cc1,permuted,30,True,24,./mappings/CCCNC(=O)NS(=O)(=O)c1ccc(Cl)cc1.json
34142,./Nc1ccc2c(c1)Cc1ccccc1-2,permuted,25,True,1,./mappings/Nc1ccc2c(c1)Cc1ccccc1-2.json
34157,./CC(=O)C1CC1,permuted,14,True,2,./mappings/CC(=O)C1CC1.json
34171,./CCCCNC(C)=O,permuted,21,True,22,./mappings/CCCCNC(C)=O.json
34172,./CCCC(C)(C)O,permuted,21,True,21,./mappings/CCCC(C)(C)O.json
34174,./CC(=O)OCCO,permuted,15,True,27,./mappings/CC(=O)OCCO.json
34185,./CCCCC(C)C(=O)O,permuted,23,True,95,./mappings/CCCCC(C)C(=O)O.json
34190,./O=c1[nH]c2ccccc2s1,permuted,15,True,1,./mappings/O=c1[nH]c2ccccc2s1.json
34197,./N=C(\c1ccccc1)C(O)c1ccccc1,pickle_missing,,False,0,
34218,./CCCCCCCCCCCCCCCCCC(=O)OCC(O)CO,permuted,67,True,1202,./mappings/CCCCCCCCCCCCCCCCCC(=O)OCC(O)CO.json
34221,./Cc1cc(O)ccc1Cl,permuted,16,True,1,./mappings/Cc1cc(O)ccc1Cl.json
34226,./O=C(CS)Nc1ccc2ccccc2c1,permuted,26,True,24,./mappings/O=C(CS)Nc1ccc2ccccc2c1.json
34230,./CC(=O)Nc1ccc(O)cc1,permuted,20,True,5,./mappings/CC(=O)Nc1ccc(O)cc1.json
34256,./O=c1c(=O)c2cccc3cccc1c32,permuted,20,True,1,./mappings/O=c1c(=O)c2cccc3cccc1c32.json
35501,./O=c1c(=O)c2cccc3cccc1c32,permuted,20,True,1,./mappings/O=c1c(=O)c2cccc3cccc1c32.json
34257,./O=C(O)CCSCCC(=O)O,permuted,21,True,139,./mappings/O=C(O)CCSCCC(=O)O.json
34271,./CCOc1ccccc1C(N)=O,permuted,23,True,13,./mappings/CCOc1ccccc1C(N)=O.json
34272,./O=P1(NCCCl)OCCCN1CCCl,permuted,29,True,255,./mappings/O=P1(NCCCl)OCCCN1CCCl.json
34274,./Cc1cc(NS(=O)(=O)c2ccc(N)cc2)no1,permuted,28,True,396,./mappings/Cc1cc(NS(=O)(=O)c2ccc(N)cc2)no1.json
34275,./CC(C)NCC(O)COc1cccc2[nH]ccc12,permuted,38,True,425,./mappings/CC(C)NCC(O)COc1cccc2[nH]ccc12.json
34278,./CC(=O)c1ccn(C)c1,permuted,18,True,5,./mappings/CC(=O)c1ccn(C)c1.json
34282,./O=C(O)CCC(NC(=O)OCc1ccccc1)C(=O)O,permuted,35,True,356,./mappings/O=C(O)CCC(NC(=O)OCc1ccccc1)C(=O)O.json
34305,./CCCCOCCOCCOCc1cc2c(cc1CCC)OCO2,permuted,54,True,299,./mappings/CCCCOCCOCCOCc1cc2c(cc1CCC)OCO2.json
34314,./CCCC(CC)CCC,permuted,29,True,180,./mappings/CCCC(CC)CCC.json
34394,./O=C(Nc1ccccc1)c1ccccc1O,permuted,27,True,4,./mappings/O=C(Nc1ccccc1)c1ccccc1O.json
34404,./CC1=CC(=O)CCC1,permuted,18,True,1,./mappings/CC1=CC(=O)CCC1.json
34405,./C1CCC(NC2CCCCC2)CC1,permuted,36,True,36,./mappings/C1CCC(NC2CCCCC2)CC1.json
34408,./CNc1cccc2c1C(=O)c1ccccc1C2=O,permuted,29,True,1,./mappings/CNc1cccc2c1C(=O)c1ccccc1C2=O.json
34417,./O=CNC1CCCCC1,atom_count_mismatch,16/22,False,1,
34445,./Cc1nc2cc(-c3ccccc3)ccc2o1,permuted,27,True,1,./mappings/Cc1nc2cc(-c3ccccc3)ccc2o1.json
34472,./Cc1ccccc1Oc1ccccc1N,permuted,28,True,6,./mappings/Cc1ccccc1Oc1ccccc1N.json
34484,./OC(c1ccccc1)(c1ccccc1)c1ccncc1,atom_count_mismatch,41/35,False,1,
34506,./CC(=O)C1=CCCCC1,permuted,21,True,7,./mappings/CC(=O)C1=CCCCC1.json
34510,./C[C@H]1CCC[C@H]1O,permuted,19,True,19,./mappings/C[C@H]1CCC[C@H]1O.json
34515,./O=C1c2ccccc2C(=O)C1c1ccccc1,permuted,27,True,1,./mappings/O=C1c2ccccc2C(=O)C1c1ccccc1.json
34518,./Clc1ccc(C(c2ccccc2Cl)C(Cl)Cl)cc1,permuted,28,True,12,./mappings/Clc1ccc(C(c2ccccc2Cl)C(Cl)Cl)cc1.json
34524,./Nc1cc(F)cc(F)c1,permuted,14,True,1,./mappings/Nc1cc(F)cc(F)c1.json
34530,./c1ccc(C2CC2)cc1,permuted,19,True,2,./mappings/c1ccc(C2CC2)cc1.json
34540,./Oc1cccc(F)c1F,permuted,13,True,1,./mappings/Oc1cccc(F)c1F.json
34578,./Nc1ccc2c(C(F)(F)F)cc(=O)oc2c1,permuted,22,True,1,./mappings/Nc1ccc2c(C(F)(F)F)cc(=O)oc2c1.json
34587,./O=C1C(Cl)=C(Nc2ccccc2)C(=O)c2ccccc21,permuted,30,True,3,./mappings/O=C1C(Cl)=C(Nc2ccccc2)C(=O)c2ccccc21.json
34593,./Cc1cc(C2(c3ccc(O)c(C)c3)OC(=O)c3ccccc32)ccc1O,permuted,44,True,6,./mappings/Cc1cc(C2(c3ccc(O)c(C)c3)OC(=O)c3ccccc32)ccc1O.json
34608,./COc1ccccc1C,permuted,19,True,2,./mappings/COc1ccccc1C.json
34617,./Cc1ccc(F)c(N)c1,permuted,17,True,1,./mappings/Cc1ccc(F)c(N)c1.json
34644,./Cc1cccc(Nc2ccccc2)c1,permuted,27,True,2,./mappings/Cc1cccc(Nc2ccccc2)c1.json
34673,./OCC1CCCCCC1,permuted,25,True,76,./mappings/OCC1CCCCCC1.json
34675,./C#CC1(O)CCCC1,permuted,18,True,3,./mappings/C#CC1(O)CCCC1.json
34697,./OCc1ccoc1,permuted,13,True,5,./mappings/OCc1ccoc1.json
34706,./O=C(c1ccco1)C(O)c1ccco1,permuted,22,True,25,./mappings/O=C(c1ccco1)C(O)c1ccco1.json
34718,./Cc1c(N)cccc1F,permuted,17,True,1,./mappings/Cc1c(N)cccc1F.json
34731,./Cc1ccc(C(C)C)cc2c(C)ccc1-2,permuted,33,True,2,./mappings/Cc1ccc(C(C)C)cc2c(C)ccc1-2.json
34738,./CCOC(=O)n1ccn(C)c1=S,permuted,22,True,7,./mappings/CCOC(=O)n1ccn(C)c1=S.json
34755,./S=C(NCCN1CCOCC1)NC1CCCCC1,permuted,43,True,139,./mappings/S=C(NCCN1CCOCC1)NC1CCCCC1.json
34791,./COc1ccc2[nH]cc(CC(=O)O)c2c1,permuted,26,True,10,./mappings/COc1ccc2[nH]cc(CC(=O)O)c2c1.json
34822,./Cc1cccc(C)c1F,permuted,18,True,3,./mappings/Cc1cccc(C)c1F.json
34852,./CC1(C)CC(=NO)CC(C)(C)N1,permuted,30,True,7,./mappings/CC1(C)CC(=NO)CC(C)(C)N1.json
34875,./CC(C)C1CCCCC1,atom_count_mismatch,21/27,False,1,
34887,./CC(=O)OCCC(C)CCC=C(C)C,permuted,36,True,762,./mappings/CC(=O)OCCC(C)CCC=C(C)C.json
34909,./C#CCCC#C,permuted,12,True,2,./mappings/C#CCCC#C.json
34910,./CCC1CCCC1,permuted,21,True,8,./mappings/CCC1CCCC1.json
34914,./CCCC1CCCC1,permuted,24,True,32,./mappings/CCCC1CCCC1.json
34924,./N#Cc1ccccc1O,permuted,14,True,1,./mappings/N#Cc1ccccc1O.json
34926,./c1ccc(-c2cccs2)nc1,permuted,18,True,2,./mappings/c1ccc(-c2cccs2)nc1.json
34939,./OC1CCOCC1,permuted,17,True,8,./mappings/OC1CCOCC1.json
34942,./O=C(c1ccccc1)c1ccccn1,permuted,23,True,2,./mappings/O=C(c1ccccc1)c1ccccn1.json
34947,./O=C(O)CCCc1ccc2ccc3cccc4ccc1c2c34,permuted,38,True,32,./mappings/O=C(O)CCCc1ccc2ccc3cccc4ccc1c2c34.json
34955,./CCCCCC1CCC(C(=O)O)CC1,permuted,36,True,298,./mappings/CCCCCC1CCC(C(=O)O)CC1.json
34969,./OCCC1CCCCC1,atom_count_mismatch,19/25,False,1,
34982,./O=C(CCNNC(=O)c1ccncc1)NCc1ccccc1,permuted,40,True,39,./mappings/O=C(CCNNC(=O)c1ccncc1)NCc1ccccc1.json
34983,./O=C(O)CCC(=O)c1ccc2ccc3cccc4ccc1c2c34,permuted,37,True,55,./mappings/O=C(O)CCC(=O)c1ccc2ccc3cccc4ccc1c2c34.json
35001,./N#Cc1cccc(F)c1,permuted,13,True,1,./mappings/N#Cc1cccc(F)c1.json
35041,./O=C(O)c1cc2cc(F)ccc2[nH]1,permuted,19,True,2,./mappings/O=C(O)c1cc2cc(F)ccc2[nH]1.json
35049,./CCC(Cc1c(I)cc(I)c(N)c1I)C(=O)O,permuted,29,True,30,./mappings/CCC(Cc1c(I)cc(I)c(N)c1I)C(=O)O.json
35052,./NC(=O)CCCCC1CCSS1,permuted,27,True,367,./mappings/NC(=O)CCCCC1CCSS1.json
35057,./CC1=CCCCC1,permuted,19,True,3,./mappings/CC1=CCCCC1.json
35061,./Fc1ccccc1F,permuted,12,True,1,./mappings/Fc1ccccc1F.json
35063,./Cc1cccc(C=O)c1,permuted,17,True,2,./mappings/Cc1cccc(C=O)c1.json
35065,./Oc1ccccc1F,permuted,13,True,2,./mappings/Oc1ccccc1F.json
35074,./Nc1ccccc1Nc1ccccc1,atom_count_mismatch,32/26,False,1,
35097,./OCCCC1CCCC1,permuted,25,True,170,./mappings/OCCCC1CCCC1.json
35102,./S=C(N=Nc1ccccc1)NNc1ccccc1,permuted,30,True,29,./mappings/S=C(N=Nc1ccccc1)NNc1ccccc1.json
35105,./Nc1cccc(F)c1F,permuted,14,True,1,./mappings/Nc1cccc(F)c1F.json
35106,./Oc1ccc(F)cc1F,permuted,13,True,2,./mappings/Oc1ccc(F)cc1F.json
35112,./COc1ccc(C=CC(=O)c2ccccc2)cc1,permuted,32,True,6,./mappings/COc1ccc(C=CC(=O)c2ccccc2)cc1.json
35120,./c2ccccc2)cc1,pickle_missing,,False,0,
35123,./COc1ccc(C(=O)C=Cc2ccccc2)cc1,permuted,32,True,4,./mappings/COc1ccc(C(=O)C=Cc2ccccc2)cc1.json
35127,./O=C1CCCC1,permuted,14,True,1,./mappings/O=C1CCCC1.json
35145,./CC(=O)Cc1c[nH]c2ccccc12,permuted,24,True,7,./mappings/CC(=O)Cc1c[nH]c2ccccc12.json
35154,./CCC(CC)CC,permuted,23,True,15,./mappings/CCC(CC)CC.json
35203,./COP(=O)(OC)C(O)C(Cl)(Cl)Cl,not_isomorphic_or_failed_mapping,20,False,1,
35220,./O=C1CCCN1,permuted,13,True,1,./mappings/O=C1CCCN1.json
35224,./COc1cccc(C)c1,permuted,19,True,4,./mappings/COc1cccc(C)c1.json
35247,./CC(O)CC(C)(C)O,permuted,22,True,77,./mappings/CC(O)CC(C)(C)O.json
35251,./CC(C)(C)c1cc(O)c(C(C)(C)C)cc1O,permuted,38,True,8,./mappings/CC(C)(C)c1cc(O)c(C(C)(C)C)cc1O.json
35255,./OCC(S)CS,permuted,14,True,178,./mappings/OCC(S)CS.json
35266,./c1ccc2c(c1)OCCOCCOc1ccccc1OCCOCCO2,permuted,50,True,254,./mappings/c1ccc2c(c1)OCCOCCOc1ccccc1OCCOCCO2.json
35280,./CC1(C)CCCCC1,permuted,24,True,3,./mappings/CC1(C)CCCCC1.json
35285,./CC#CCCC,permuted,16,True,4,./mappings/CC#CCCC.json
35293,./COc1ccccc1NC(C)=O,permuted,23,True,7,./mappings/COc1ccccc1NC(C)=O.json
35309,./CCc1ccc(O)cc1,permuted,19,True,2,./mappings/CCc1ccc(O)cc1.json
35310,./CCc1cccc(O)c1,permuted,19,True,5,./mappings/CCc1cccc(O)c1.json
35313,./Cc1ccc(O)cc1,permuted,16,True,1,./mappings/Cc1ccc(O)cc1.json
35326,./Oc1ccc2ccccc2c1,permuted,19,True,1,./mappings/Oc1ccc2ccccc2c1.json
35327,./Cc1cccc(O)c1,permuted,16,True,2,./mappings/Cc1cccc(O)c1.json
35328,./Cc1ccccc1O,permuted,16,True,2,./mappings/Cc1ccccc1O.json
35332,./C[C@H]1CCCC[C@H]1O,permuted,22,True,12,./mappings/C[C@H]1CCCC[C@H]1O.json
35334,./OC1CCCCC1,atom_count_mismatch,13/19,False,1,
35348,./C1=Cc2ccccc2C1,permuted,17,True,1,./mappings/C1=Cc2ccccc2C1.json
35349,./c1ccc2c(c1)CCC2,permuted,19,True,1,./mappings/c1ccc2c(c1)CCC2.json
35353,./CC1CCCCC1,permuted,21,True,4,./mappings/CC1CCCCC1.json
35357,./CCCc1ccccn1,permuted,20,True,5,./mappings/CCCc1ccccn1.json
35372,./CCCc1ccncc1,permuted,20,True,5,./mappings/CCCc1ccncc1.json
35384,./Cc1cccc(O)c1C,permuted,19,True,4,./mappings/Cc1cccc(O)c1C.json
35385,./Cc1ccc(O)cc1C,permuted,19,True,1,./mappings/Cc1ccc(O)cc1C.json
35386,./O=c1[nH]cnc2ccccc12,permuted,17,True,1,./mappings/O=c1[nH]cnc2ccccc12.json
35390,./CCc1ccccc1O,permuted,19,True,6,./mappings/CCc1ccccc1O.json
35392,./c1ccc2c(c1)sc1ccccc12,permuted,21,True,1,./mappings/c1ccc2c(c1)sc1ccccc12.json
35393,./CC(C)c1ccccc1,permuted,21,True,1,./mappings/CC(C)c1ccccc1.json
35401,./CCc1cccc(C)c1,permuted,21,True,4,./mappings/CCc1cccc(C)c1.json
35403,./Cc1nc2ccccc2[nH]c1=O,permuted,20,True,1,./mappings/Cc1nc2ccccc2[nH]c1=O.json
35407,./O=c1cccc[nH]1,permuted,12,True,1,./mappings/O=c1cccc[nH]1.json
35411,./Oc1cccnc1,permuted,12,True,2,./mappings/Oc1cccnc1.json
35414,./CCc1ccc(C)cc1,permuted,21,True,2,./mappings/CCc1ccc(C)cc1.json
35417,./c1ccc2c(c1)ccc1ncccc12,permuted,23,True,1,./mappings/c1ccc2c(c1)ccc1ncccc12.json
35418,./CCc1ccccc1C,permuted,21,True,3,./mappings/CCc1ccccc1C.json
35424,./c1ccc2nc3ccccc3nc2c1,permuted,22,True,1,./mappings/c1ccc2nc3ccccc3nc2c1.json
35433,./Cc1ccncc1,permuted,14,True,1,./mappings/Cc1ccncc1.json
35435,./c1ccc(-c2cc3ccccc3[nH]2)cc1,permuted,26,True,1,./mappings/c1ccc(-c2cc3ccccc3[nH]2)cc1.json
35445,./c1ccc(-c2cccc(-c3ccccc3)n2)cc1,permuted,31,True,4,./mappings/c1ccc(-c2cccc(-c3ccccc3)n2)cc1.json
35456,./CCCCC#CCO,permuted,20,True,255,./mappings/CCCCC#CCO.json
35462,./O=C(c1ccccc1)c1ccccc1C(=O)c1ccccc1,permuted,36,True,4,./mappings/O=C(c1ccccc1)c1ccccc1C(=O)c1ccccc1.json
35464,./OCc1ccccc1F,permuted,16,True,4,./mappings/OCc1ccccc1F.json
35465,./Cc1ccccc1N=Nc1ccc(N=Nc2c(O)ccc3ccccc23)c(C)c1,permuted,49,True,10,./mappings/Cc1ccccc1N=Nc1ccc(N=Nc2c(O)ccc3ccccc23)c(C)c1.json
35472,./Cc1ccc(F)cc1F,permuted,15,True,1,./mappings/Cc1ccc(F)cc1F.json
35473,./Oc1ccc2ccccc2c1N=Nc1ccccn1,not_isomorphic_or_failed_mapping,30,False,1,
35474,./COc1ccc(Nc2ccc(OC)cc2)cc1,permuted,32,True,3,./mappings/COc1ccc(Nc2ccc(OC)cc2)cc1.json
35488,./O=CN1CCOCC1,permuted,17,True,4,./mappings/O=CN1CCOCC1.json
35492,./CCCCCO,permuted,18,True,66,./mappings/CCCCCO.json
35493,./OCc1ccccn1,permuted,15,True,4,./mappings/OCc1ccccn1.json
35497,./OCc1cccc(F)c1,permuted,16,True,5,./mappings/OCc1cccc(F)c1.json
35499,./COC(=O)C[C@@H](C)O,permuted,18,True,52,./mappings/COC(=O)C[C@@H](C)O.json
35500,./Cc1ccccc1CO,permuted,19,True,9,./mappings/Cc1ccccc1CO.json
35522,./CCCCC1C(=O)N(c2ccccc2)N(c2ccccc2)C1=O,permuted,43,True,14,./mappings/CCCCC1C(=O)N(c2ccccc2)N(c2ccccc2)C1=O.json
35528,./O=CN1CCCCC1,permuted,19,True,4,./mappings/O=CN1CCCCC1.json
35541,./CC(C)=CCCC(C)CC=O,permuted,29,True,328,./mappings/CC(C)=CCCC(C)CC=O.json
35547,./C1=CCCCC1,permuted,16,True,2,./mappings/C1=CCCCC1.json
35563,./CC(=O)Nc1ccc2ccccc2c1,permuted,25,True,6,./mappings/CC(=O)Nc1ccc2ccccc2c1.json
35567,./CC1CCCC(C)N1,permuted,23,True,8,./mappings/CC1CCCC(C)N1.json
35568,./CCC(CC)CO,permuted,21,True,57,./mappings/CCC(CC)CO.json
35570,./O=P1(N(CCCl)CCCl)NCCCO1,permuted,29,True,189,./mappings/O=P1(N(CCCl)CCCl)NCCCO1.json
35572,./CCCC1CCCCC1,atom_count_mismatch,21/27,False,1,
35578,./CC(=O)N1CCCCC1,permuted,22,True,5,./mappings/CC(=O)N1CCCCC1.json
35654,./COc1ccc(C(=O)CC(=O)c2ccc(C(C)(C)C)cc2)cc1,permuted,45,True,106,./mappings/COc1ccc(C(=O)CC(=O)c2ccc(C(C)(C)C)cc2)cc1.json
35685,./CCCC(=O)c1ccc(-c2ccccc2)cc1,permuted,33,True,14,./mappings/CCCC(=O)c1ccc(-c2ccccc2)cc1.json
35693,./NC(=O)c1cccc(N)c1,permuted,18,True,2,./mappings/NC(=O)c1cccc(N)c1.json
35694,./O=C(O)CCSc1nc2ccccc2s1,permuted,24,True,41,./mappings/O=C(O)CCSc1nc2ccccc2s1.json
35700,./CCCOCCO,permuted,19,True,218,./mappings/CCCOCCO.json
35709,./CCC1(C)OCCO1,permuted,20,True,12,./mappings/CCC1(C)OCCO1.json
35719,./O=C(O)Cc1sc(-c2ccccc2)nc1-c1ccc(Cl)cc1,permuted,34,True,11,./mappings/O=C(O)Cc1sc(-c2ccccc2)nc1-c1ccc(Cl)cc1.json
35722,./Cc1c(O)c(=O)ccn1C,permuted,19,True,1,./mappings/Cc1c(O)c(=O)ccn1C.json
35731,./CCc1cccnc1,permuted,17,True,3,./mappings/CCc1cccnc1.json
35744,./COC(=O)c1ccc2[nH]ccc2c1,permuted,22,True,2,./mappings/COC(=O)c1ccc2[nH]ccc2c1.json
35745,./CC(C)Cc1ccc([C@H](C)C(=O)O)cc1,permuted,33,True,12,./mappings/CC(C)Cc1ccc([C@H](C)C(=O)O)cc1.json
388,./COc1cc2c(O)c3c(c(-c4ccc5c(c4)OCO5)c2cc1OC)C(=O)OC3,permuted,44,True,12,./mappings/COc1cc2c(O)c3c(c(-c4ccc5c(c4)OCO5)c2cc1OC)C(=O)OC3.json
408,./COc1cc(-c2coc3cc(OC4OC(CO)C(O)C(O)C4O)c(OC)c(O)c3c2=O)cc(O)c1OC,permuted,63,True,279,./mappings/COc1cc(-c2coc3cc(OC4OC(CO)C(O)C(O)C4O)c(OC)c(O)c3c2=O)cc(O)c1OC.json
2561,./[C@H](O[C@@H]2O[C@H](CO)[C@@H](O)[C@H](O)[C@H]2O)OC=C(C(=O)OC)[C@H]1CC(=O)OCCc1ccc(O)c(O)c1,pickle_missing,,False,0,
14034,./CC1OC(OC2CCC3(C=O)C4CCC5(C)C(C6=CC(=O)OC6)CCC5(O)C4CCC3(O)C2)C(O)C(O)C1O,permuted,81,True,322,./mappings/CC1OC(OC2CCC3(C=O)C4CCC5(C)C(C6=CC(=O)OC6)CCC5(O)C4CCC3(O)C2)C(O)C(O)C1O.json
14632,./CC(C)=CCC[C@](C)(O)[C@H]1CC[C@]2(C)[C@@H]1[C@H](O)C[C@@H]1[C@@]3(C)CC[C@H](O)C(C)(C)[C@@H]3CC[C@]12C,permuted,85,True,232,./mappings/CC(C)=CCC[C@](C)(O)[C@H]1CC[C@]2(C)[C@@H]1[C@H](O)C[C@@H]1[C@@]3(C)CC[C@H](O)C(C)(C)[C@@H]3CC[C@]12C.json
14633,./CC(C)=CCC[C@](C)(O)[C@H]1CC[C@]2(C)[C@@H]1[C@H](O)C[C@@H]1[C@@]3(C)CC[C@H](O)C(C)(C)[C@@H]3[C@@H](O)C[C@]12C,permuted,86,True,269,./mappings/CC(C)=CCC[C@](C)(O)[C@H]1CC[C@]2(C)[C@@H]1[C@H](O)C[C@@H]1[C@@]3(C)CC[C@H](O)C(C)(C)[C@@H]3[C@@H](O)C[C@]12C.json
14702,./C[C@@]12CC[C@H]3[C@]4(C)CCC[C@@](C)(C(=O)O)[C@H]4CC[C@]3(CC1=O)C2,permuted,53,True,4,./mappings/C[C@@]12CC[C@H]3[C@]4(C)CCC[C@@](C)(C(=O)O)[C@H]4CC[C@]3(CC1=O)C2.json
15184,./O=C1c2ccccc2-n2c1nc1ccccc1c2=O,permuted,27,True,1,./mappings/O=C1c2ccccc2-n2c1nc1ccccc1c2=O.json
15229,./Cc1cc(O)c2c(c1)C(=O)c1cccc(O)c1C2=O,permuted,29,True,1,./mappings/Cc1cc(O)c2c(c1)C(=O)c1cccc(O)c1C2=O.json
15401,./CC1=CC2C(C(C)C)CCC(C)(O)C2CC1,permuted,42,True,25,./mappings/CC1=CC2C(C(C)C)CCC(C)(O)C2CC1.json
15575,./Oc1c(Br)cc(Br)cc1Oc1ccc(Br)cc1Br,permuted,24,True,7,./mappings/Oc1c(Br)cc(Br)cc1Oc1ccc(Br)cc1Br.json
15683,./CN1C(=O)c2ccccc2NC(=O)[C@]12O[C@@H]2c1cccc(O)c1,permuted,37,True,7,./mappings/CN1C(=O)c2ccccc2NC(=O)[C@]12O[C@@H]2c1cccc(O)c1.json
17545,./OCC(Cc1ccc2c(c1)OCO2)C(CO)Cc1ccc2c(c1)OCO2,permuted,48,True,124,./mappings/OCC(Cc1ccc2c(c1)OCO2)C(CO)Cc1ccc2c(c1)OCO2.json
17896,./C)C(=O)O)C4=O)C3=O,pickle_missing,,False,0,
9844,./O=c1c(O)cccc2cc(O)c(O)c(O)c12,permuted,24,True,1,./mappings/O=c1c(O)cccc2cc(O)c(O)c(O)c12.json
10576,./C[C@@H]1O[C@@H](OC[C@H]2O[C@@H](Oc3c(-c4ccc(O)c(O)c4)oc4cc(O)cc(O)c4c3=O)[C@H](O)[C@@H](O)[C@@H]2O)[C@H](O)[C@H](O)[C@H]1O,permuted,73,True,42,./mappings/C[C@@H]1O[C@@H](OC[C@H]2O[C@@H](Oc3c(-c4ccc(O)c(O)c4)oc4cc(O)cc(O)c4c3=O)[C@H](O)[C@@H](O)[C@@H]2O)[C@H](O)[C@H](O)[C@H]1O.json
953,./CC(C)(O)CC[C@@H](O)[C@](C)(O)[C@H]1CC[C@@]2(O)C3=CC(=O)[C@@H]4C[C@@H](O)[C@@H](O)C[C@]4(C)[C@H]3CC[C@]12C,permuted,78,True,351,./mappings/CC(C)(O)CC[C@@H](O)[C@](C)(O)[C@H]1CC[C@@]2(O)C3=CC(=O)[C@@H]4C[C@@H](O)[C@@H](O)C[C@]4(C)[C@H]3CC[C@]12C.json
8780,./COC1C(O)C(O)C(O)C(O)C1O,permuted,27,True,77,./mappings/COC1C(O)C(O)C(O)C(O)C1O.json
14030,./CC1OC(OC2CCC3(C=O)C4CCC5(C)C(C6=CC(=O)OC6)CCC5(O)C4CCC3(O)C2)C(O)C(O)C1O,permuted,81,True,322,./mappings/CC1OC(OC2CCC3(C=O)C4CCC5(C)C(C6=CC(=O)OC6)CCC5(O)C4CCC3(O)C2)C(O)C(O)C1O.json
18045,./COc1c(O)cc2oc3cc(O)c(CC=C(C)C)c(O)c3c(=O)c2c1CC=C(C)C,permuted,56,True,593,./mappings/COc1c(O)cc2oc3cc(O)c(CC=C(C)C)c(O)c3c(=O)c2c1CC=C(C)C.json
20633,./C=CC(C)(O)CCC1C(C)(O)CCC2C(C)(C)CCCC21C,permuted,58,True,225,./mappings/C=CC(C)(O)CCC1C(C)(O)CCC2C(C)(C)CCCC21C.json
21571,./C=C(C)C1Cc2c(ccc3c(=O)c4c(oc23)COc2cc(OC)c(OC)cc2-4)O1,permuted,49,True,96,./mappings/C=C(C)C1Cc2c(ccc3c(=O)c4c(oc23)COc2cc(OC)c(OC)cc2-4)O1.json
23305,./COc1ccc2c(c1O)-c1c(OC)c(OC)cc3c1C(C2)N(C)CC3,permuted,48,True,43,./mappings/COc1ccc2c(c1O)-c1c(OC)c(OC)cc3c1C(C2)N(C)CC3.json
26862,./CC1Oc2cc3c(-c4c(O)cc(O)c5c(O)c6c(cc45)OC(C)C(C)C6=O)c(O)cc(O)c3c(O)c2C(=O)C1C,permuted,66,True,14,./mappings/CC1Oc2cc3c(-c4c(O)cc(O)c5c(O)c6c(cc45)OC(C)C(C)C6=O)c(O)cc(O)c3c(O)c2C(=O)C1C.json
30671,./CC1OC(OC2CCC3(C=O)C4CCC5(C)C(C6=CC(=O)OC6)CCC5(O)C4CCC3(O)C2)C(O)C(O)C1O,permuted,81,True,322,./mappings/CC1OC(OC2CCC3(C=O)C4CCC5(C)C(C6=CC(=O)OC6)CCC5(O)C4CCC3(O)C2)C(O)C(O)C1O.json
30696,./C=CC(C)(O)CCC1C(C)(O)CCC2C(C)(C)CCCC21C,permuted,58,True,225,./mappings/C=CC(C)(O)CCC1C(C)(O)CCC2C(C)(C)CCCC21C.json
12,./COC1=C(N)C(=O)c2nc(-c3nc(C(=O)O)c(C)c(-c4ccc(OC)c(OC)c4O)c3N)ccc2C1=O,permuted,59,True,11,./mappings/COC1=C(N)C(=O)c2nc(-c3nc(C(=O)O)c(C)c(-c4ccc(OC)c(OC)c4O)c3N)ccc2C1=O.json
7096,./[C@@H]3CC[C@@H](O)[C@H](OC)C3)[C@H](C)[C@@H](O)CC1=O)[C@H](C)C[C@@H]2OC,pickle_missing,,False,0,
9138,./C=C[C@H]1CN2CC[C@H]1C[C@H]2[C@H](O)c1ccnc2ccccc12,permuted,44,True,86,./mappings/C=C[C@H]1CN2CC[C@H]1C[C@H]2[C@H](O)c1ccnc2ccccc12.json
9256,./OCC1OC(OC2C(CO)OC(O)C(O)C2O)C(O)C(O)C1O,permuted,45,True,228,./mappings/OCC1OC(OC2C(CO)OC(O)C(O)C2O)C(O)C(O)C1O.json
9327,./Cc1cc(=O)[nH]c(=S)[nH]1,permuted,15,True,1,./mappings/Cc1cc(=O)[nH]c(=S)[nH]1.json
9336,./O=C(O)c1ccc[n+]([O-])c1,permuted,15,True,2,./mappings/O=C(O)c1ccc[n+]([O-])c1.json
9382,./CC(=O)NC(Cc1ccccc1)C(=O)O,permuted,28,True,586,./mappings/CC(=O)NC(Cc1ccccc1)C(=O)O.json
9446,./COc1ccc2[nH]cc(CCNC(C)=O)c2c1,permuted,33,True,642,./mappings/COc1ccc2[nH]cc(CCNC(C)=O)c2c1.json
9513,./CSC[C@H](N)C(=O)O,permuted,17,True,28,./mappings/CSC[C@H](N)C(=O)O.json
9656,./O=C1c2ccccc2C(=O)c2c1ccc(O)c2O,permuted,26,True,1,./mappings/O=C1c2ccccc2C(=O)c2c1ccc(O)c2O.json
9842,./O=C(O)c1cc(O)ccc1O,permuted,17,True,4,./mappings/O=C(O)c1cc(O)ccc1O.json
9858,./CNCCc1c[nH]c2ccccc12,permuted,27,True,47,./mappings/CNCCc1c[nH]c2ccccc12.json
9949,./COc1ccc2[nH]c(=S)[nH]c2c1,permuted,20,True,2,./mappings/COc1ccc2[nH]c(=S)[nH]c2c1.json
10261,./c2ccc(O)c(O)c2)[C@H](O)[C@H](O)[C@H]1O,pickle_missing,,False,0,
10379,./c1ccc(O)c(O)c1)O[C@@H]1C[C@](O)(C(=O)O)C[C@@H](O)[C@H]1O,pickle_missing,,False,0,
10391,./CC1(C)C=C2[C@H]3CC[C@@H]4[C@@]5(C)CCC(=O)C(C)(C)[C@@H]5CC[C@@]4(C)[C@]3(C)CC[C@@]2(C(=O)O)CC1,permuted,79,True,16,./mappings/CC1(C)C=C2[C@H]3CC[C@@H]4[C@@]5(C)CCC(=O)C(C)(C)[C@@H]5CC[C@@]4(C)[C@]3(C)CC[C@@]2(C(=O)O)CC1.json
21017,./O=c1c2cc(O)c(O)cc2oc2cc(O)c(C3OC(CO)C(O)C(O)C3O)c(O)c12,permuted,48,True,32,./mappings/O=c1c2cc(O)c(O)cc2oc2cc(O)c(C3OC(CO)C(O)C(O)C3O)c(O)c12.json
25297,./COc1c(O)cc2oc3cc(O)c(CC=C(C)C)c(O)c3c(=O)c2c1CC=C(C)C,permuted,56,True,593,./mappings/COc1c(O)cc2oc3cc(O)c(CC=C(C)C)c(O)c3c(=O)c2c1CC=C(C)C.json
30435,./CC(C)(O)[C@H]1O[C@H]2CC[C@@]3(C)[C@@](O)(CC[C@H]4Cc5c([nH]c6ccccc56)[C@@]43C)C2=CC1=O,permuted,65,True,19,./mappings/CC(C)(O)[C@H]1O[C@H]2CC[C@@]3(C)[C@@](O)(CC[C@H]4Cc5c([nH]c6ccccc56)[C@@]43C)C2=CC1=O.json
31127,./C1=CC=CCC=C1,not_isomorphic_or_failed_mapping,15,False,1,
31274,./Cc1nc2cc(C)c(C)cc2s1,permuted,23,True,3,./mappings/Cc1nc2cc(C)c(C)cc2s1.json
31395,./c1ccc(-c2nc3ccccc3[nH]2)nc1,permuted,24,True,1,./mappings/c1ccc(-c2nc3ccccc3[nH]2)nc1.json
31743,./Nc1ccc(F)cc1F,permuted,14,True,1,./mappings/Nc1ccc(F)cc1F.json
32151,./OC1(c2ccc(Br)cc2)CCNCC1,permuted,28,True,32,./mappings/OC1(c2ccc(Br)cc2)CCNCC1.json
32516,./Oc1c(Cl)cc(Cl)cc1Sc1cc(Cl)cc(Cl)c1O,permuted,25,True,37,./mappings/Oc1c(Cl)cc(Cl)cc1Sc1cc(Cl)cc(Cl)c1O.json
32725,./CC(C)OC=O,permuted,14,True,5,./mappings/CC(C)OC=O.json
32801,./ON=C1CCCC1,permuted,16,True,1,./mappings/ON=C1CCCC1.json
32869,./CCCC#N,permuted,12,True,2,./mappings/CCCC#N.json
33546,./CCC(C)(CO)CO,permuted,22,True,103,./mappings/CCC(C)(CO)CO.json
33602,./COc1ccc(NC(=O)CC(C)=O)c(OC)c1,permuted,32,True,10,./mappings/COc1ccc(NC(=O)CC(C)=O)c(OC)c1.json
34900,./C#CCC(C)C,permuted,16,True,3,./mappings/C#CCC(C)C.json
35192,./O=C(O)c1c2ccccc2cc2ccccc12,permuted,27,True,1,./mappings/O=C(O)c1c2ccccc2cc2ccccc12.json
